-- Año: 2024
-- Grupo Nro: 4
-- Integrantes: Lozano Iñaki Fernando, Medina Raed Luis Eugenio
-- Tema: Gestión de stock y distribución de bebidas gaseosas
-- Nombre del Esquema LBD2024G04
-- Plataforma (SO + Versión): Windows 10
-- Motor y Versión: MySQL 8.0.30
-- GitHub Repositorio: LBD2024G04
-- GitHub Usuario: InakiLozano01, LuisMedinaRaed

-- -----------------------------------------------------
-- TRABAJO PRACTICO Nº1
-- -----------------------------------------------------

-- -----------------------------------------------------
-- CREACIÓN DE LA BASE DE DATOS, TABLAS, RESTRICCIONES E INDICES
-- -----------------------------------------------------

DROP SCHEMA IF EXISTS LBD2024G04;
CREATE SCHEMA IF NOT EXISTS LBD2024G04;
USE LBD2024G04;

CREATE TABLE Zonas(
    idZona         INT            AUTO_INCREMENT,
    zona           VARCHAR(50)    NOT NULL,
    descripcion    TEXT           NOT NULL,
    estado         CHAR(1)        NOT NULL,
    PRIMARY KEY (idZona), 
    CHECK (estado IN ('A', 'B')),
    UNIQUE INDEX UI_zona(zona)
)ENGINE=INNODB
;

CREATE TABLE Clientes(
    idCliente    INT             AUTO_INCREMENT,
    idZona       INT             NOT NULL,
    cliente      VARCHAR(60)     NOT NULL,
    cuil         CHAR(11)        NOT NULL,
    email        VARCHAR(120)    NOT NULL,
    direccion    VARCHAR(120)    NOT NULL,
    telefono     VARCHAR(15),
    estado       CHAR(1)         NOT NULL,
	CHECK (estado IN ('A', 'B')),
	CHECK (telefono REGEXP '^[+]?[0-9]+$'),
    CHECK (cuil REGEXP '^[0-9]{11}$'),
    CHECK (email REGEXP '^[^@\\s]+@[^@\\s]+\\.[^@\\s]+$'),
    PRIMARY KEY (idCliente), 
    UNIQUE INDEX IX_cliente(cliente),
    UNIQUE INDEX IX_cuil(cuil),
    UNIQUE INDEX IX_email(email),
    INDEX IX_idZona(idZona), 
    CONSTRAINT FK_idZonaCliente FOREIGN KEY (idZona)
    REFERENCES Zonas(idZona) ON DELETE CASCADE
)ENGINE=INNODB
;

CREATE TABLE Proveedores(
    idProveedor    INT             AUTO_INCREMENT,
    proveedor      VARCHAR(60)     NOT NULL,
    email          VARCHAR(120)    NOT NULL,
    direccion      VARCHAR(120)    NOT NULL,
    telefono       VARCHAR(15),
    estado         CHAR(1)         NOT NULL,
    PRIMARY KEY (idProveedor), 
    CHECK (estado IN ('A', 'B')),
    CHECK (telefono REGEXP '^[+]?[0-9]+$'),
    CHECK (email REGEXP '^[^@\\s]+@[^@\\s]+\\.[^@\\s]+$'),
    UNIQUE INDEX UI_proveedor(proveedor),
    UNIQUE INDEX UI_email(email)
)ENGINE=INNODB
;

CREATE TABLE Entradas(
    idEntrada        INT         AUTO_INCREMENT,
    idProveedor      INT         NOT NULL,
    fecha            DATETIME    DEFAULT current_timestamp NOT NULL,
    observaciones    TEXT,
    estado           CHAR(1)     NOT NULL,
    PRIMARY KEY (idEntrada, idProveedor), 
    CHECK (estado IN ('A', 'B')),
    UNIQUE INDEX UI_idEntrada(idEntrada),
    INDEX IX_idProveedor(idProveedor),
    INDEX IX_idFechaEntrada(fecha), 
    CONSTRAINT FK_idProveedor FOREIGN KEY (idProveedor)
    REFERENCES Proveedores(idProveedor) ON DELETE CASCADE
)ENGINE=INNODB
;

CREATE TABLE Productos(
    idProducto     INT               AUTO_INCREMENT,
    producto       VARCHAR(100)      NOT NULL,
    descripcion    TEXT              NOT NULL,
    precio         DECIMAL(15, 2)    NOT NULL,
    estado         CHAR(1)           NOT NULL,
    PRIMARY KEY (idProducto), 
	CHECK (estado IN ('A', 'B')),
    CHECK (precio >= 0),
    UNIQUE INDEX UI_producto(producto),
    INDEX IX_precio(precio)
)ENGINE=INNODB
;

CREATE TABLE LineasEntrada(
    idEntrada      INT               NOT NULL,
    idProveedor    INT               NOT NULL,
    idProducto     INT               NOT NULL,
    cantidad       INT               NOT NULL,
    precio         DECIMAL(15, 2)    NOT NULL,
    PRIMARY KEY (idEntrada, idProveedor, idProducto), 
    CHECK (precio >= 0),
    CHECK (cantidad >= 0),
    INDEX IX_idEntradaProveedor(idEntrada, idProveedor),
    INDEX IX_idProducto(idProducto), 
    CONSTRAINT FK_idEntradaProveedor FOREIGN KEY (idEntrada, idProveedor)
    REFERENCES Entradas(idEntrada, idProveedor) ON DELETE CASCADE,
    CONSTRAINT FK_idProductoEntrada FOREIGN KEY (idProducto)
    REFERENCES Productos(idProducto) ON DELETE CASCADE
)ENGINE=INNODB
;

CREATE TABLE UnidadesTransporte(
    idUnidadTransporte    INT            AUTO_INCREMENT,
    idZona                INT            NOT NULL,
    patente               VARCHAR(11)    NOT NULL,
    estado                CHAR(1)        NOT NULL,
    PRIMARY KEY (idUnidadTransporte), 
    CHECK (estado IN ('A', 'B')),
    UNIQUE INDEX UI_patente(patente),
    INDEX IX_idZona(idZona), 
    CONSTRAINT FK_idZonaUnidadTransporte FOREIGN KEY (idZona)
    REFERENCES Zonas(idZona) ON DELETE CASCADE
)ENGINE=INNODB
;

CREATE TABLE Viajes(
    idViaje               INT         AUTO_INCREMENT,
    idZona                INT         NOT NULL,
    idUnidadTransporte    INT         NOT NULL,
    fecha                 DATETIME    DEFAULT current_timestamp NOT NULL,
    observaciones         TEXT,
    estado                CHAR(1)     NOT NULL,
	CHECK (estado IN ('A', 'D')),
    PRIMARY KEY (idViaje), 
    INDEX IX_fechaViaje(fecha),
    INDEX IX_idZona(idZona),
    INDEX IX_idUnidadTransporte(idUnidadTransporte), 
    CONSTRAINT FK_idUnidadTransporte FOREIGN KEY (idUnidadTransporte)
    REFERENCES UnidadesTransporte(idUnidadTransporte) ON DELETE CASCADE,
    CONSTRAINT FK_idZonaViaje FOREIGN KEY (idZona)
    REFERENCES Zonas(idZona) ON DELETE CASCADE
)ENGINE=INNODB
;

CREATE TABLE Pedidos(
    idPedido         INT         AUTO_INCREMENT,
    idCliente        INT         NOT NULL,
    idViaje          INT,
    fecha            DATETIME    DEFAULT current_timestamp NOT NULL,
    observaciones    TEXT,
    PRIMARY KEY (idPedido, idCliente), 
    UNIQUE INDEX UI_idPedido(idPedido),
    INDEX IX_fechaPedido(fecha),
    INDEX IX_idCliente(idCliente),
    INDEX IX_idViaje(idViaje), 
    CONSTRAINT FK_idCliente FOREIGN KEY (idCliente)
    REFERENCES Clientes(idCliente) ON DELETE CASCADE,
    CONSTRAINT FK_idViaje FOREIGN KEY (idViaje)
    REFERENCES Viajes(idViaje) ON DELETE CASCADE
)ENGINE=INNODB
;

CREATE TABLE LineasPedido(
    idPedido      INT               NOT NULL,
    idCliente     INT               NOT NULL,
    idProducto    INT               NOT NULL,
    cantidad      INT               NOT NULL,
    precio        DECIMAL(15, 2)    NOT NULL,
    PRIMARY KEY (idPedido, idCliente, idProducto), 
    CHECK (precio >= 0),
    CHECK (cantidad >= 0),
    INDEX IX_idPedidoCliente(idPedido, idCliente),
    INDEX IX_idProducto(idProducto), 
    CONSTRAINT FK_idPedidoCliente FOREIGN KEY (idPedido, idCliente)
    REFERENCES Pedidos(idPedido, idCliente) ON DELETE CASCADE,
    CONSTRAINT FK_idProductoPedido FOREIGN KEY (idProducto)
    REFERENCES Productos(idProducto) ON DELETE CASCADE
)ENGINE=INNODB
;

-- -----------------------------------------------------
-- INSERCION DE DATOS
-- -----------------------------------------------------

INSERT INTO Zonas (idZona, zona, descripcion, estado) VALUES 
(1, 'San Miguel de Tucumán', 'Capital de la provincia de Tucumán en el norte de Argentina.', 'A'),
(2, 'Yerba Buena', 'Importante ciudad ubicada cerca de San Miguel de Tucumán, en la provincia de Tucumán.', 'A'),
(3, 'Tafí Viejo', 'Ciudad ubicada en la provincia de Tucumán, cercana a San Miguel de Tucumán.', 'A'),
(4, 'Santiago del Estero', 'Capital de la provincia de Santiago del Estero en el norte de Argentina.', 'A'),
(5, 'La Banda', 'Importante ciudad cercana a Santiago del Estero, en la provincia de Santiago del Estero.', 'A'),
(6, 'Salta Capital', 'Capital de la provincia de Salta en el norte de Argentina.', 'A'),
(7, 'San Salvador de Jujuy', 'Capital de la provincia de Jujuy en el norte de Argentina.', 'A'),
(8, 'San Pedro de Jujuy', 'Importante ciudad ubicada en la provincia de Jujuy, cercana a San Salvador de Jujuy.', 'A'),
(9, 'Humahuaca', 'Ciudad turística ubicada en la provincia de Jujuy, conocida por su cerro de siete colores.', 'A'),
(10, 'Cafayate', 'Importante ciudad de la provincia de Salta, reconocida por su producción vitivinícola.', 'A'),
(11, 'Tilcara', 'Ciudad turística ubicada en la provincia de Jujuy, famosa por sus paisajes y ruinas indígenas.', 'A'),
(12, 'Tafí del Valle', 'Localidad turística ubicada en las sierras de Tucumán, conocida por su belleza natural.', 'A'),
(13, 'San Fernando del Valle de Catamarca', 'Capital de la provincia de Catamarca en el norte de Argentina.', 'A'),
(14, 'La Rioja Capital', 'Capital de la provincia de La Rioja en el norte de Argentina.', 'A'),
(15, 'Rosario de la Frontera', 'Ciudad ubicada en la provincia de Salta, conocida por sus tradiciones y festivales.', 'A'),
(16, 'Orán', 'Ciudad ubicada en la provincia de Salta, importante centro comercial y agrícola.', 'A'),
(17, 'San Ramón de la Nueva Orán', 'Importante ciudad ubicada en la provincia de Salta, cerca de la frontera con Bolivia.', 'A'),
(18, 'Joaquín V. González', 'Ciudad ubicada en la provincia de Salta, conocida por su producción de tabaco.', 'A'),
(19, 'San Pedro', 'Ciudad ubicada en la provincia de Jujuy, cerca de la frontera con Bolivia.', 'A'),
(20, 'Villa María', 'Importante ciudad ubicada en la provincia de Córdoba, conocida por su festival de música y producción agroindustrial.', 'A'),
(21, 'Posadas', 'Capital de la provincia de Misiones, situada en el nordeste de Argentina.', 'B'),
(22, 'Corrientes Capital', 'Capital de la provincia de Corrientes, conocida por su carnaval.', 'B'),
(23, 'Resistencia', 'Capital de la provincia del Chaco, conocida por su cultura y eventos.', 'B'),
(24, 'Formosa Capital', 'Capital de la provincia de Formosa, ubicada en el noreste argentino.', 'B'),
(25, 'Paraná', 'Capital de la provincia de Entre Ríos, conocida por sus parques y museos.', 'B');

INSERT INTO Proveedores (idProveedor, proveedor, email, direccion, telefono, estado) VALUES 
(1, 'Bebidas del Norte S.A.', 'info@bebidasdelnorte.com', 'Av. Norte 123, San Miguel de Tucuman', '+5493811234567', 'A'),
(2, 'Fábrica de Refrescos Tuculán', 'contacto@tuculan.com', 'Calle Tucumán 456, San Miguel de Tucumán', '+5493819876543', 'A'),
(3, 'Bebidas Salteñas SRL', 'ventas@bebidasaltnas.com', 'Av. Salta 789, Salta', '+5493876543210', 'B'),
(4, 'Jujuy Bebidas SA', 'info@jujuybebidas.com', 'Calle Jujuy 101, San Salvador de Jujuy', '+5493881122334', 'A'),
(5, 'Santiagos Refrescos', 'ventas@santiagosrefrescos.com', 'Av. Santiago 567, Santiago del Estero', '+5493852233445', 'B'),
(6, 'Agua Clara SA', 'info@aguaclara.com', 'Av. Principal 789, San Miguel de Tucumán', '+5493818765432', 'A'),
(7, 'Bebidas del Sol', 'contacto@bebidasdelsol.com', 'Calle del Sol 345, Salta', '+5493875678901', 'A'),
(8, 'Tucu-Cola SA', 'ventas@tucucola.com', 'Av. Tucumán 678, San Miguel de Tucumán', '+5493812345678', 'A'),
(9, 'Jujuy Refrescos del Norte', 'info@jujuyrefrescos.com', 'Av. Norte 234, San Salvador de Jujuy', '+5493889988776', 'B'),
(10, 'Sabor Jujuyano SA', 'contacto@saborjujuyano.com', 'Calle Jujuy 567, San Salvador de Jujuy', '+5493884455667', 'A'),
(11, 'Bebidas Tucumanas SA', 'ventas@bebidasTucumanas.com', 'Av. Tucumán 890, San Miguel de Tucumán', '+5493816677889', 'A'),
(12, 'Refrescos Salteños', 'info@refrescossalteños.com', 'Calle Salta 678, Salta', '+5493871122334', 'A'),
(13, 'Sabor del Noroeste', 'contacto@sabordelnoroeste.com', 'Av. Noroeste 101, Santiago del Estero', '+5493856677889', 'B'),
(14, 'Agua Fresca SA', 'ventas@aguafresca.com', 'Av. Principal 123, Santiago del Estero', '+5493854455667', 'A'),
(15, 'Tucu-Soda', 'info@tucusoda.com', 'Calle Tucumán 678, San Miguel de Tucumán', '+5493813344556', 'A'),
(16, 'Jujuy Refrescos SRL', 'contacto@jujuyrefrescos.com', 'Av. Jujuy 345, San Salvador de Jujuy', '+5493885566778', 'A'),
(17, 'Bebidas del Norte SA', 'ventas@bebidasdelnorte.com', 'Av. Norte 456, Salta', '+5493877788990', 'B'),
(18, 'Refrescos del Este', 'info@refrescosdeleste.com', 'Av. Este 123, Santiago del Estero', '+5493852233445', 'A'),
(19, 'Sabor Tucumano', 'contacto@sabortucumano.com', 'Calle Tucumán 456, San Miguel de Tucumán', '+5493811122334', 'A'),
(20, 'Jujuy Refrescos del Sol', 'ventas@jujuyrefrescos.com', 'Av. del Sol 678, San Salvador de Jujuy', '+5493887788990', 'B'),
(21, 'Refrescos del Litoral S.A.', 'info@refrescosdellitoral.com', 'Calle Litoral 123, Posadas', '+5493761234567', 'B'),
(22, 'Bebidas Corrientes Ltd.', 'ventas@bebidasco.com', 'Av. Libertad 234, Corrientes Capital', '+5493796543210', 'B'),
(23, 'Agua del Chaco SRL', 'contacto@aguadelchaco.com', 'Av. San Martín 789, Resistencia', '+5493621122334', 'B'),
(24, 'Soda Formoseña SA', 'info@sodaformosena.com', 'Calle Pilcomayo 567, Formosa Capital', '+5493712345678', 'B'),
(25, 'Entre Ríos Beverages Corp.', 'ventas@erbbeverages.com', 'Av. del Río 345, Paraná', '+5493435678901', 'B');

INSERT INTO Productos (idProducto, producto, descripcion, precio, estado) VALUES 
(1, 'Secco Tradicional 500ml', 'Refresco tradicional de la marca Secco en presentación de 500ml.', 40.00, 'A'),
(2, 'Secco Tradicional 1.5L', 'Refresco tradicional de la marca Secco en presentación de 1.5L.', 70.00, 'A'),
(3, 'Secco Tradicional 2.25L', 'Refresco tradicional de la marca Secco en presentación de 2.25L.', 90.00, 'A'),
(4, 'Secco Tradicional 3L', 'Refresco tradicional de la marca Secco en presentación de 3L.', 120.00, 'B'),
(5, 'Secco Pomelo 500ml', 'Refresco sabor pomelo de la marca Secco en presentación de 500ml.', 40.00, 'A'),
(6, 'Secco Pomelo 1.5L', 'Refresco sabor pomelo de la marca Secco en presentación de 1.5L.', 70.00, 'B'),
(7, 'Secco Pomelo 2.25L', 'Refresco sabor pomelo de la marca Secco en presentación de 2.25L.', 90.00, 'A'),
(8, 'Secco Pomelo 3L', 'Refresco sabor pomelo de la marca Secco en presentación de 3L.', 120.00, 'A'),
(9, 'Secco Pomelo Intenso 500ml', 'Refresco sabor pomelo intenso de la marca Secco en presentación de 500ml.', 40.00, 'B'),
(10, 'Secco Pomelo Intenso 1.5L', 'Refresco sabor pomelo intenso de la marca Secco en presentación de 1.5L.', 70.00, 'A'),
(11, 'Secco Pomelo Intenso 2.25L', 'Refresco sabor pomelo intenso de la marca Secco en presentación de 2.25L.', 90.00, 'A'),
(12, 'Secco Pomelo Intenso 3L', 'Refresco sabor pomelo intenso de la marca Secco en presentación de 3L.', 120.00, 'A'),
(13, 'Secco Cola 500ml', 'Refresco de cola de la marca Secco en presentación de 500ml.', 40.00, 'A'),
(14, 'Secco Cola 1.5L', 'Refresco de cola de la marca Secco en presentación de 1.5L.', 70.00, 'A'),
(15, 'Secco Cola 2.25L', 'Refresco de cola de la marca Secco en presentación de 2.25L.', 90.00, 'B'),
(16, 'Secco Cola 3L', 'Refresco de cola de la marca Secco en presentación de 3L.', 120.00, 'B'),
(17, 'Secco Naranja 500ml', 'Refresco sabor naranja de la marca Secco en presentación de 500ml.', 40.00, 'B'),
(18, 'Secco Naranja 1.5L', 'Refresco sabor naranja de la marca Secco en presentación de 1.5L.', 70.00, 'A'),
(19, 'Secco Naranja 2.25L', 'Refresco sabor naranja de la marca Secco en presentación de 2.25L.', 90.00, 'A'),
(20, 'Secco Naranja 3L', 'Refresco sabor naranja de la marca Secco en presentación de 3L.', 120.00, 'A'),
(21, 'Secco Lima Limón 500ml', 'Refresco sabor lima limón de la marca Secco en presentación de 500ml.', 40.00, 'A'),
(22, 'Secco Lima Limón 1.5L', 'Refresco sabor lima limón de la marca Secco en presentación de 1.5L.', 70.00, 'A'),
(23, 'Secco Lima Limón 2.25L', 'Refresco sabor lima limón de la marca Secco en presentación de 2.25L.', 90.00, 'B'),
(24, 'Secco Lima Limón 3L', 'Refresco sabor lima limón de la marca Secco en presentación de 3L.', 120.00, 'B'),
(25, 'Secco Limón 500ml', 'Refresco sabor limón de la marca Secco en presentación de 500ml.', 40.00, 'A'),
(26, 'Secco Limón 1.5L', 'Refresco sabor limón de la marca Secco en presentación de 1.5L.', 70.00, 'A'),
(27, 'Secco Limón 2.25L', 'Refresco sabor limón de la marca Secco en presentación de 2.25L.', 90.00, 'B'),
(28, 'Secco Limón 3L', 'Refresco sabor limón de la marca Secco en presentación de 3L.', 120.00, 'A'),
(29, 'Secco Limón Intenso 500ml', 'Refresco sabor limón intenso de la marca Secco en presentación de 500ml.', 40.00, 'A'),
(30, 'Secco Limón Intenso 1.5L', 'Refresco sabor limón intenso de la marca Secco en presentación de 1.5L.', 70.00, 'A'),
(31, 'Secco Limón Intenso 2.25L', 'Refresco sabor limón intenso de la marca Secco en presentación de 2.25L.', 90.00, 'A'),
(32, 'Secco Limón Intenso 3L', 'Refresco sabor limón intenso de la marca Secco en presentación de 3L.', 120.00, 'B'),
(33, 'Secco Manzana 500ml', 'Refresco sabor manzana de la marca Secco en presentación de 500ml.', 40.00, 'A'),
(34, 'Secco Manzana 1.5L', 'Refresco sabor manzana de la marca Secco en presentación de 1.5L.', 70.00, 'A'),
(35, 'Secco Manzana 2.25L', 'Refresco sabor manzana de la marca Secco en presentación de 2.25L.', 90.00, 'A'),
(36, 'Secco Manzana 3L', 'Refresco sabor manzana de la marca Secco en presentación de 3L.', 120.00, 'B'),
(37, 'Secco MultiFrutal 500ml', 'Refresco sabor multi-frutas de la marca Secco en presentación de 500ml.', 45.00, 'A'),
(38, 'Secco MultiFrutal 1.5L', 'Refresco sabor multi-frutas de la marca Secco en presentación de 1.5L.', 75.00, 'A'),
(39, 'Secco MultiFrutal 2.25L', 'Refresco sabor multi-frutas de la marca Secco en presentación de 2.25L.', 95.00, 'A'),
(40, 'Secco MultiFrutal 3L', 'Refresco sabor multi-frutas de la marca Secco en presentación de 3L.', 130.00, 'B'),
(41, 'Secco Tónica 500ml', 'Tónica de la marca Secco en presentación de 500ml.', 50.00, 'B'),
(42, 'Secco Tónica 1.5L', 'Tónica de la marca Secco en presentación de 1.5L.', 85.00, 'B'),
(43, 'Secco Tónica 2.25L', 'Tónica de la marca Secco en presentación de 2.25L.', 100.00, 'A'),
(44, 'Secco Tónica 3L', 'Tónica de la marca Secco en presentación de 3L.', 140.00, 'A'),
(45, 'Secco Soda 1.25L', 'Soda de la marca Secco en presentación de 1.25L.', 35.00, 'A'),
(46, 'Secco Soda 2.25L', 'Soda de la marca Secco en presentación de 2.25L.', 50.00, 'A'),
(47, 'Secco Sifón', 'Sifón de la marca Secco.', 25.00, 'A'),
(48, 'Secco Cola Sin Calorías 500ml', 'Refresco de cola sin calorías de la marca Secco en presentación de 500ml.', 40.00, 'B'),
(49, 'Secco Cola Sin Calorías 1.5L', 'Refresco de cola sin calorías de la marca Secco en presentación de 1.5L.', 70.00, 'A'),
(50, 'Secco Cola Sin Calorías 2.25L', 'Refresco de cola sin calorías de la marca Secco en presentación de 2.25L.', 90.00, 'B'),
(51, 'Secco Cola Sin Calorías 3L', 'Refresco de cola sin calorías de la marca Secco en presentación de 3L.', 120.00, 'A'),
(52, 'Secco Limón Sin Calorías 500ml', 'Refresco sabor limón sin calorías de la marca Secco en presentación de 500ml.', 40.00, 'A'),
(53, 'Secco Limón Sin Calorías 1.5L', 'Refresco sabor limón sin calorías de la marca Secco en presentación de 1.5L.', 70.00, 'B'),
(54, 'Secco Limón Sin Calorías 2.25L', 'Refresco sabor limón sin calorías de la marca Secco en presentación de 2.25L.', 90.00, 'A'),
(55, 'Secco Limón Sin Calorías 3L', 'Refresco sabor limón sin calorías de la marca Secco en presentación de 3L.', 120.00, 'A'),
(56, 'Secco Naranja Sin Calorías 500ml', 'Refresco sabor naranja sin calorías de la marca Secco en presentación de 500ml.', 40.00, 'A'),
(57, 'Secco Naranja Sin Calorías 1.5L', 'Refresco sabor naranja sin calorías de la marca Secco en presentación de 1.5L.', 70.00, 'A'),
(58, 'Secco Naranja Sin Calorías 2.25L', 'Refresco sabor naranja sin calorías de la marca Secco en presentación de 2.25L.', 90.00, 'A'),
(59, 'Secco Naranja Sin Calorías 3L', 'Refresco sabor naranja sin calorías de la marca Secco en presentación de 3L.', 120.00, 'A'),
(60, 'BioFrut Naranja 1L', 'Jugo de naranja orgánico de la marca BioFrut en presentación de 1L.', 50.00, 'A'),
(61, 'BioFrut Naranja Durazno 1L', 'Jugo de naranja y durazno orgánico de la marca BioFrut en presentación de 1L.', 55.00, 'B'),
(62, 'BioFrut MultiFruta 1L', 'Jugo de multi-frutas orgánico de la marca BioFrut en presentación de 1L.', 60.00, 'A'),
(63, 'BioFrut Manzana 1L', 'Jugo de manzana orgánico de la marca BioFrut en presentación de 1L.', 50.00, 'B'),
(64, 'Bio Balance Naranja 500ml', 'Jugo de naranja de la marca Bio Balance en presentación de 500ml.', 30.00, 'A'),
(65, 'Bio Balance Naranja 1.5L', 'Jugo de naranja de la marca Bio Balance en presentación de 1.5L.', 50.00, 'A'),
(66, 'Bio Balance Pomelo 500ml', 'Jugo de pomelo de la marca Bio Balance en presentación de 500ml.', 35.00, 'A'),
(67, 'Bio Balance Pomelo 1.5L', 'Jugo de pomelo de la marca Bio Balance en presentación de 1.5L.', 55.00, 'A'),
(68, 'Bio Balance Pera 500ml', 'Jugo de pera de la marca Bio Balance en presentación de 500ml.', 30.00, 'A'),
(69, 'Bio Balance Pera 1.5L', 'Jugo de pera de la marca Bio Balance en presentación de 1.5L.', 50.00, 'A'),
(70, 'Bio Balance Manzana 500ml', 'Jugo de manzana de la marca Bio Balance en presentación de 500ml.', 30.00, 'A'),
(71, 'Bio Balance Manzana 1.5L', 'Jugo de manzana de la marca Bio Balance en presentación de 1.5L.', 50.00, 'A');

INSERT INTO Clientes (idCliente, idZona, cliente, cuil, email, direccion, telefono, estado) VALUES
(1, 1, 'Supermercado Los Andes', '10123456789', 'info@supermercadolosandes.com', 'Calle San Juan 123', '+543811234567', 'A'),
(2, 2, 'Mayorista La Esperanza', '11123456789', 'contacto@mayoristalaesperanza.com', 'Avenida Libertad 456', '+543815678901', 'A'),
(3, 3, 'Hipermercado El Mirador', '12123456789', 'ventas@hiperelmirador.com', 'Calle 9 de Julio 789', '+543819012345', 'A'),
(4, 4, 'Distribuidora Las Américas', '13123456789', 'info@dlasamericas.com', 'Avenida Belgrano 123', '+543813456789', 'B'),
(5, 5, 'Supermercado San Carlos', '14123456789', 'contacto@supermercadosancarlos.com', 'Calle Mitre 456', '+543817890123', 'A'),
(6, 6, 'Mayorista El Faro', '15123456789', 'ventas@mayoristaelfaro.com', 'Avenida Roca 789', '+543852345678', 'A'),
(7, 7, 'Distribuidora La Fuente', '16123456789', 'info@distrilafuente.com', 'Calle Alem 123', '+543856789012', 'A'),
(8, 8, 'Supermercado La Paloma', '17123456789', 'contacto@supermercadolapaloma.com', 'Avenida Colón 456', '+543850123456', 'A'),
(9, 9, 'Hipermercado El Parque', '18123456789', 'ventas@hiperelparque.com', 'Calle San Martín 789', '+543854567890', 'A'),
(10, 10, 'Mayorista La Perla', '19123456789', 'info@mayoristalaperla.com', 'Avenida Sarmiento 123', '+543858901234', 'B'),
(11, 11, 'Distribuidora La Colina', '20123456789', 'contacto@distrilacolina.com', 'Calle 25 de Mayo 456', '+543873456789', 'A'),
(12, 12, 'Supermercado El Rincón', '21123456789', 'ventas@supermercadoelrincon.com', 'Avenida Tucumán 789', '+543877890123', 'A'),
(13, 13, 'Hipermercado Las Flores', '22123456789', 'info@hiperlasflores.com', 'Calle Rivadavia 123', '+543873123456', 'A'),
(14, 14, 'Distribuidora Los Pinos', '23123456789', 'contacto@distrilosspinos.com', 'Avenida San Juan 456', '+543879012345', 'A'),
(15, 15, 'Mayorista El Sol', '24123456789', 'ventas@mayoristaelsol.com', 'Calle Santa Fe 789', '+543884567890', 'B'),
(16, 16, 'Supermercado La Estrella', '25123456789', 'info@supermercadolaestrella.com', 'Avenida Buenos Aires 123', '+543888901234', 'A'),
(17, 17, 'Distribuidora El Horizonte', '26123456789', 'contacto@distrielhorizonte.com', 'Calle Catamarca 456', '+543882345678', 'A'),
(18, 18, 'Mayorista La Montaña', '27123456789', 'ventas@mayoristalamontana.com', 'Avenida Entre Ríos 789', '+543886789012', 'A'),
(19, 19, 'Hipermercado El Puerto', '28123456789', 'info@hiperelpuerto.com', 'Calle Salta 123', '+543880123456', 'A'),
(20, 20, 'Supermercado El Valle', '29123456789', 'contacto@supermercadoelvalle.com', 'Avenida Corrientes 456', '+543872345678', 'B'),
(21, 21, 'Distribuidora La Costa', '30123456789', 'ventas@distrilacosta.com', 'Calle Mendoza 789', '+543853456789', 'A'),
(22, 22, 'Supermercado El Arco', '31123456789', 'info@supermercadoelarco.com', 'Avenida Chaco 123', '+543854567890', 'A'),
(23, 23, 'Mayorista El Triángulo', '32123456789', 'contacto@mayoristaeltriangulo.com', 'Calle Jujuy 456', '+543875678901', 'A'),
(24, 24, 'Distribuidora La Brisa', '33123456789', 'ventas@distrilabrisa.com', 'Avenida Formosa 789', '+543876789012', 'A'),
(25, 25, 'Supermercado El Puente', '34123456789', 'info@supermercadoelpuente.com', 'Calle Misiones 123', '+543817890123', 'B'),
(26, 1, 'Hipermercado El Roble', '35123456789', 'contacto@hiperelroble.com', 'Avenida Neuquén 456', '+543818901234', 'A'),
(27, 2, 'Distribuidora La Luna', '36123456789', 'ventas@distrilaluna.com', 'Calle Río Negro 789', '+543819012345', 'A'),
(28, 3, 'Mayorista La Nube', '37123456789', 'info@mayoristalanube.com', 'Avenida Chubut 123', '+543810123456', 'A'),
(29, 4, 'Supermercado El Cielo', '38123456789', 'contacto@supermercadoelcielo.com', 'Calle Santa Cruz 456', '+543811234567', 'A'),
(30, 5, 'Distribuidora El Mar', '39123456789', 'ventas@distrelmar.com', 'Avenida Tierra del Fuego 789', '+543812345678', 'A'),
(31, 6, 'Supermercado La Tierra', '40123456789', 'info@supermercadolatierra.com', 'Calle La Pampa 123', '+543813456789', 'B'),
(32, 7, 'Mayorista El Lago', '41123456789', 'contacto@mayoristaellago.com', 'Avenida San Luis 456', '+543814567890', 'A'),
(33, 8, 'Distribuidora La Laguna', '42123456789', 'ventas@distrilalaguna.com', 'Calle San Juan 789', '+543815678901', 'A'),
(34, 9, 'Supermercado El Arroyo', '43123456789', 'info@supermercadoelarroyo.com', 'Avenida Santiago 123', '+543816789012', 'A'),
(35, 10, 'Mayorista El Río', '44123456789', 'contacto@mayoristaelrio.com', 'Calle Tucumán 456', '+543817890123', 'A'),
(36, 11, 'Distribuidora El Sauce', '45123456789', 'ventas@distrelsauce.com', 'Avenida Salta 789', '+543858901234', 'B'),
(37, 12, 'Supermercado La Pradera', '46123456789', 'info@supermercadolapradera.com', 'Calle Córdoba 123', '+543856789012', 'A'),
(38, 13, 'Hipermercado La Selva', '47123456789', 'contacto@hiperlaselva.com', 'Avenida La Rioja 456', '+543850123456', 'A'),
(39, 14, 'Mayorista El Desierto', '48123456789', 'ventas@mayoristaeldesierto.com', 'Calle Chaco 789', '+543854567890', 'A'),
(40, 15, 'Distribuidora La Sierra', '49123456789', 'info@distrilasierr.com', 'Avenida Catamarca 123', '+543852345678', 'A'),
(41, 16, 'Supermercado La Loma', '50123456789', 'contacto@supermercadolaloma.com', 'Calle Corrientes 456', '+543855678901', 'B'),
(42, 17, 'Mayorista La Cordillera', '51123456789', 'ventas@mayoristalacordillera.com', 'Avenida Entre Ríos 789', '+543857890123', 'A'),
(43, 18, 'Hipermercado El Jardín', '52123456789', 'info@hipereljardin.com', 'Calle Formosa 123', '+543850123456', 'A'),
(44, 19, 'Distribuidora La Estancia', '53123456789', 'contacto@distrilaestancia.com', 'Avenida Jujuy 456', '+543819012345', 'A'),
(45, 20, 'Mayorista El Molino', '54123456789', 'ventas@mayoristaelmolino.com', 'Calle Misiones 789', '+543813456789', 'A'),
(46, 21, 'Supermercado El Pueblito', '55123456789', 'info@supermercadoelpueblito.com', 'Avenida Mendoza 123', '+543817890123', 'A'),
(47, 22, 'Distribuidora El Bosque', '56123456789', 'contacto@distrelbosque.com', 'Calle Santa Fe 456', '+543811234567', 'B'),
(48, 23, 'Hipermercado La Plaza', '57123456789', 'ventas@hiperlaplaza.com', 'Avenida Buenos Aires 789', '+543812345678', 'A'),
(49, 24, 'Supermercado La Quinta', '58123456789', 'info@supermercadolaquinta.com', 'Calle Catamarca 123', '+543854567890', 'A'),
(50, 25, 'Mayorista La Pampa', '59123456789', 'contacto@mayoristalapampa.com', 'Avenida Córdoba 456', '+543858901234', 'B'),
(51, 1, 'Distribuidora Los Robles', '60123456789', 'ventas@distrelorobles.com', 'Calle San Juan 789', '+543857890123', 'A'),
(52, 2, 'Supermercado El Pino', '61123456789', 'info@supermercadoelpino.com', 'Avenida Libertad 123', '+543850123456', 'A'),
(53, 3, 'Mayorista Los Nogales', '62123456789', 'contacto@mayoristalosnogales.com', 'Calle Mitre 456', '+543855678901', 'A'),
(54, 4, 'Hipermercado El Olivo', '63123456789', 'ventas@hiperelolivo.com', 'Avenida San Martín 789', '+543850123456', 'A'),
(55, 5, 'Distribuidora La Espiga', '64123456789', 'info@distrilaespiga.com', 'Calle Colón 123', '+543856789012', 'A'),
(56, 6, 'Supermercado El Trigal', '65123456789', 'contacto@supermercadoeltrigal.com', 'Avenida Alem 456', '+543819012345', 'B'),
(57, 7, 'Hipermercado La Alondra', '66123456789', 'ventas@hiperlalondra.com', 'Calle Roca 789', '+543813456789', 'A'),
(58, 8, 'Distribuidora Los Tilos', '67123456789', 'info@distrilostilos.com', 'Avenida Córdoba 123', '+543811234567', 'A'),
(59, 9, 'Mayorista El Cerezo', '68123456789', 'contacto@mayoristaelcerezo.com', 'Calle San Juan 456', '+543814567890', 'A'),
(60, 10, 'Supermercado Los Eucaliptos', '69123456789', 'ventas@supermercadoloseucaliptos.com', 'Avenida Libertad 789', '+543852345678', 'B'),
(61, 11, 'Distribuidora La Mora', '70123456789', 'info@distrilamora.com', 'Calle Mitre 123', '+543855678901', 'A'),
(62, 12, 'Supermercado El Nogal', '71123456789', 'contacto@supermercadoelnogal.com', 'Avenida San Martín 456', '+543857890123', 'A'),
(63, 13, 'Hipermercado El Ciprés', '72123456789', 'ventas@hiperelcipres.com', 'Calle Colón 789', '+543858901234', 'A'),
(64, 14, 'Distribuidora La Acacia', '73123456789', 'info@distrilaacacia.com', 'Avenida Alem 123', '+543819012345', 'A'),
(65, 15, 'Mayorista El Roble', '74123456789', 'contacto@mayoristaelroble.com', 'Calle Roca 456', '+543850123456', 'A'),
(66, 16, 'Supermercado Los Abedules', '75123456789', 'ventas@supermercadolsoabedules.com', 'Avenida Libertad 789', '+543854567890', 'B'),
(67, 17, 'Distribuidora El Cedro', '76123456789', 'info@distrelcedro.com', 'Calle Mitre 123', '+543852345678', 'A'),
(68, 18, 'Hipermercado La Jacaranda', '77123456789', 'contacto@hiperlajacaranda.com', 'Avenida San Martín 456', '+543857890123', 'A'),
(69, 19, 'Supermercado El Espinillo', '78123456789', 'ventas@supermercadoelespinillo.com', 'Calle Colón 789', '+543850123456', 'A'),
(70, 20, 'Distribuidora La Ceiba', '79123456789', 'info@distrilaceiba.com', 'Avenida Alem 123', '+543852345678', 'B'),
(71, 21, 'Supermercado El Sauce', '80123456789', 'contacto@supermercadoelsauce.com', 'Calle Roca 456', '+543854567890', 'A'),
(72, 22, 'Mayorista La Lila', '81123456789', 'ventas@mayoristalalila.com', 'Avenida Libertad 789', '+543857890123', 'A'),
(73, 23, 'Distribuidora El Laurel', '82123456789', 'info@distrelleurel.com', 'Calle Mitre 123', '+543850123456', 'A'),
(74, 24, 'Supermercado Los Sauces', '83123456789', 'contacto@supermercadolossauces.com', 'Avenida San Martín 456', '+543854567890', 'A'),
(75, 25, 'Hipermercado El Ceibo', '84123456789', 'ventas@hiperelceibo.com', 'Calle Colón 789', '+543857890123', 'B');

INSERT INTO UnidadesTransporte (idUnidadTransporte, idZona, patente, estado) VALUES
(1, 1, 'ABC123', 'A'),
(2, 2, 'XYZ789', 'A'),
(3, 3, 'DEF456', 'A'),
(4, 4, 'UVW012', 'A'),
(5, 5, 'GHI789', 'A'),
(6, 6, 'LMN345', 'A'),
(7, 7, 'JKL101', 'A'),
(8, 8, 'OPQ567', 'A'),
(9, 9, 'MNO202', 'A'),
(10, 10, 'RST678', 'B'),
(11, 11, 'PQR303', 'A'),
(12, 12, 'FGH901', 'A'),
(13, 13, 'STU404', 'B'),
(14, 14, 'IJK234', 'A'),
(15, 15, 'VWX505', 'A'),
(16, 16, 'ABC456', 'B'),
(17, 17, 'YZA606', 'A'),
(18, 18, 'DEF789', 'A'),
(19, 19, 'AB111CD', 'A'),
(20, 20, 'AHI012', 'A'),
(21, 21, 'AE222EF', 'A'),
(22, 22, 'LMN346', 'A'),
(23, 23, 'AH333IJ', 'A'),
(24, 24, 'OPQ456', 'B'),
(25, 25, 'AK444LK', 'A'),
(26, 1, 'RST567', 'A'),
(27, 2, 'AN555OM', 'A'),
(28, 3, 'UVW678', 'A'),
(29, 4, 'AQ666RP', 'A'),
(30, 5, 'XYZ787', 'B'),
(31, 6, 'AT777US', 'A'),
(32, 7, 'IJK890', 'A'),
(33, 8, 'AW888XW', 'A'),
(34, 9, 'FGH951', 'B'),
(35, 10, 'AZ999AZ', 'A'),
(36, 11, 'ABC143', 'A'),
(37, 12, 'AA111PO', 'A'),
(38, 13, 'YZB606', 'A'),
(39, 14, 'DEA789', 'A'),
(40, 15, 'ABL456', 'A');

INSERT INTO Entradas (idEntrada, idProveedor, fecha, observaciones, estado) VALUES
(1, 1, '2023-12-29 08:00:00', NULL, 'A'),
(2, 2, '2023-12-30 09:30:00', NULL, 'A'),
(3, 3, '2023-12-31 10:45:00', NULL, 'B'),
(4, 4, '2024-01-01 11:20:00', NULL, 'A'),
(5, 5, '2024-01-02 12:00:00', NULL, 'A'),
(6, 6, '2024-01-03 13:15:00', NULL, 'A'),
(7, 7, '2024-01-04 14:30:00', NULL, 'A'),
(8, 8, '2024-01-05 15:45:00', NULL, 'A'),
(9, 9, '2024-01-06 16:10:00', NULL, 'A'),
(10, 10, '2024-01-07 17:30:00', NULL, 'A'),
(11, 11, '2024-01-08 18:40:00', NULL, 'A'),
(12, 12, '2024-01-09 19:55:00', NULL, 'A'),
(13, 13, '2024-01-10 20:20:00', NULL, 'A'),
(14, 14, '2024-01-11 21:00:00', NULL, 'A'),
(15, 15, '2024-01-12 22:15:00', NULL, 'B'),
(16, 16, '2024-01-13 23:30:00', NULL, 'A'),
(17, 17, '2024-01-14 00:45:00', NULL, 'A'),
(18, 18, '2024-01-15 01:10:00', NULL, 'A'),
(19, 19, '2024-01-16 02:30:00', NULL, 'A'),
(20, 20, '2024-01-17 03:40:00', NULL, 'A'),
(21, 21, '2024-01-18 04:50:00', NULL, 'B'),
(22, 22, '2024-01-19 05:55:00', NULL, 'A'),
(23, 23, '2024-01-20 06:15:00', NULL, 'A'),
(24, 24, '2024-01-21 07:25:00', NULL, 'A'),
(25, 25, '2024-01-22 08:30:00', NULL, 'A'),
(26, 1, '2024-01-23 09:45:00', NULL, 'B'),
(27, 2, '2024-01-24 10:55:00', NULL, 'A'),
(28, 3, '2024-01-25 12:05:00', NULL, 'A'),
(29, 4, '2024-01-26 13:15:00', NULL, 'A'),
(30, 5, '2024-01-27 14:25:00', NULL, 'B'),
(31, 6, '2024-01-28 15:35:00', NULL, 'A'),
(32, 7, '2024-01-29 16:45:00', NULL, 'A'),
(33, 8, '2024-01-30 17:55:00', NULL, 'A'),
(34, 9, '2024-01-31 19:05:00', NULL, 'A'),
(35, 10, '2024-02-01 20:15:00', NULL, 'A'),
(36, 11, '2024-02-02 21:25:00', NULL, 'B'),
(37, 12, '2024-02-03 22:35:00', NULL, 'A'),
(38, 13, '2024-02-04 23:45:00', NULL, 'A'),
(39, 14, '2024-02-05 00:55:00', NULL, 'A'),
(40, 15, '2024-02-06 02:05:00', NULL, 'B'),
(41, 16, '2024-02-07 03:15:00', NULL, 'A'),
(42, 17, '2024-02-08 04:25:00', NULL, 'A'),
(43, 18, '2024-02-09 05:35:00', NULL, 'A'),
(44, 19, '2024-02-10 06:45:00', NULL, 'A'),
(45, 20, '2024-02-11 07:55:00', NULL, 'A'),
(46, 21, '2024-02-12 09:05:00', NULL, 'B'),
(47, 22, '2024-02-13 10:15:00', NULL, 'A'),
(48, 23, '2024-02-14 11:25:00', NULL, 'A'),
(49, 24, '2024-02-15 12:35:00', NULL, 'A'),
(50, 25, '2024-02-16 13:45:00', NULL, 'A'),
(51, 1, '2024-02-17 14:55:00', NULL, 'A'),
(52, 2, '2024-02-18 16:05:00', NULL, 'B'),
(53, 3, '2024-02-19 17:15:00', NULL, 'A'),
(54, 4, '2024-02-20 18:25:00', NULL, 'A'),
(55, 5, '2024-02-21 19:35:00', NULL, 'A'),
(56, 6, '2024-02-22 20:45:00', NULL, 'A'),
(57, 7, '2024-02-23 21:55:00', NULL, 'A'),
(58, 8, '2024-02-24 23:05:00', NULL, 'A'),
(59, 9, '2024-02-25 00:15:00', NULL, 'A'),
(60, 10, '2024-02-26 01:25:00', NULL, 'B'),
(61, 11, '2024-02-27 02:35:00', NULL, 'A'),
(62, 12, '2024-02-28 03:45:00', NULL, 'A'),
(63, 13, '2024-02-29 04:55:00', NULL, 'A'),
(64, 14, '2024-03-01 06:05:00', NULL, 'A'),
(65, 15, '2024-03-02 07:15:00', NULL, 'A'),
(66, 16, '2024-03-03 08:25:00', NULL, 'B'),
(67, 17, '2024-03-04 09:35:00', NULL, 'A'),
(68, 18, '2024-03-05 10:45:00', NULL, 'A'),
(69, 19, '2024-03-06 11:55:00', NULL, 'A'),
(70, 20, '2024-03-07 13:05:00', NULL, 'A'),
(71, 21, '2024-03-08 14:15:00', NULL, 'B'),
(72, 22, '2024-03-09 15:25:00', NULL, 'A'),
(73, 23, '2024-03-10 16:35:00', NULL, 'A'),
(74, 24, '2024-03-11 17:45:00', NULL, 'A'),
(75, 25, '2024-03-12 18:55:00', NULL, 'A');

INSERT INTO LineasEntrada (idEntrada, idProveedor, idProducto, cantidad, precio) VALUES
(1, 1, 1, 100, 15.99),
(1, 1, 2, 50, 10.50),
(1, 1, 3, 200, 8.75),
(2, 2, 4, 150, 12.25),
(2, 2, 5, 100, 11.00),
(2, 2, 6, 80, 14.75),
(3, 3, 7, 120, 9.99),
(3, 3, 8, 100, 13.50),
(3, 3, 9, 50, 10.00),
(4, 4, 10, 200, 7.99),
(4, 4, 11, 120, 11.25),
(4, 4, 12, 90, 10.75),
(5, 5, 13, 150, 9.50),
(5, 5, 14, 80, 8.25),
(5, 5, 15, 100, 12.99),
(6, 6, 16, 50, 15.50),
(6, 6, 17, 200, 8.99),
(6, 6, 18, 100, 10.25),
(7, 7, 19, 120, 11.75),
(7, 7, 20, 80, 9.50),
(7, 7, 21, 100, 15.99),
(8, 8, 22, 50, 10.50),
(8, 8, 23, 200, 8.75),
(8, 8, 24, 150, 12.25),
(9, 9, 25, 100, 11.00),
(9, 9, 26, 80, 14.75),
(9, 9, 27, 120, 9.99),
(10, 10, 28, 100, 13.50),
(10, 10, 29, 50, 10.00),
(10, 10, 30, 200, 7.99),
(11, 11, 31, 120, 11.25),
(11, 11, 32, 90, 10.75),
(11, 11, 33, 150, 9.50),
(12, 12, 34, 80, 8.25),
(12, 12, 35, 100, 12.99),
(12, 12, 36, 50, 15.50),
(13, 13, 37, 200, 8.99),
(13, 13, 38, 100, 10.25),
(13, 13, 39, 120, 11.75),
(14, 14, 40, 80, 9.50),
(14, 14, 41, 100, 15.99),
(14, 14, 42, 50, 10.50),
(15, 15, 43, 200, 8.75),
(15, 15, 44, 150, 12.25),
(15, 15, 45, 100, 11.00),
(16, 16, 46, 80, 14.75),
(16, 16, 47, 120, 9.99),
(16, 16, 48, 100, 13.50),
(17, 17, 49, 50, 10.00),
(17, 17, 50, 200, 7.99),
(17, 17, 51, 120, 11.25),
(18, 18, 52, 90, 10.75),
(18, 18, 53, 150, 9.50),
(18, 18, 54, 80, 8.25),
(19, 19, 55, 100, 12.99),
(19, 19, 56, 50, 15.50),
(19, 19, 57, 200, 8.99),
(20, 20, 58, 100, 10.25),
(20, 20, 59, 120, 11.75),
(20, 20, 60, 80, 9.50),
(21, 21, 61, 100, 15.99),
(21, 21, 62, 50, 10.50),
(21, 21, 63, 200, 8.75),
(22, 22, 64, 150, 12.25),
(22, 22, 65, 100, 11.00),
(22, 22, 66, 80, 14.75),
(23, 23, 67, 120, 9.99),
(23, 23, 68, 100, 13.50),
(23, 23, 69, 50, 10.00),
(24, 24, 70, 200, 7.99),
(24, 24, 71, 120, 11.25),
(24, 24, 1, 90, 10.75),
(25, 25, 2, 150, 9.50),
(25, 25, 3, 80, 8.25),
(25, 25, 4, 100, 12.99),
(26, 1, 5, 50, 15.50),
(26, 1, 6, 200, 8.99),
(26, 1, 7, 100, 10.25),
(27, 2, 8, 120, 11.75),
(27, 2, 9, 80, 9.50),
(27, 2, 10, 100, 15.99),
(28, 3, 11, 50, 10.50),
(28, 3, 12, 200, 8.75),
(28, 3, 13, 150, 12.25),
(29, 4, 14, 100, 11.00),
(29, 4, 15, 80, 14.75),
(29, 4, 16, 120, 9.99),
(30, 5, 17, 100, 13.50),
(30, 5, 18, 50, 10.00),
(30, 5, 19, 200, 7.99),
(31, 6, 20, 120, 11.25),
(31, 6, 21, 90, 10.75),
(31, 6, 22, 150, 9.50),
(32, 7, 23, 80, 8.25),
(32, 7, 24, 100, 12.99),
(32, 7, 25, 50, 15.50),
(33, 8, 26, 200, 8.99),
(33, 8, 27, 100, 10.25),
(33, 8, 28, 120, 11.75),
(34, 9, 29, 80, 9.50),
(34, 9, 30, 100, 15.99),
(34, 9, 31, 50, 10.50),
(35, 10, 32, 200, 8.75),
(35, 10, 33, 150, 12.25),
(35, 10, 34, 100, 11.00),
(36, 11, 35, 80, 14.75),
(36, 11, 36, 120, 9.99),
(36, 11, 37, 100, 13.50),
(37, 12, 38, 50, 10.00),
(37, 12, 39, 200, 7.99),
(37, 12, 40, 120, 11.25),
(38, 13, 41, 90, 10.75),
(38, 13, 42, 150, 9.50),
(38, 13, 43, 80, 8.25),
(39, 14, 44, 100, 12.99),
(39, 14, 45, 50, 15.50),
(39, 14, 46, 200, 8.99),
(40, 15, 47, 100, 10.25),
(40, 15, 48, 120, 11.75),
(40, 15, 49, 80, 9.50),
(41, 16, 50, 100, 15.99),
(41, 16, 51, 50, 10.50),
(41, 16, 52, 200, 8.75),
(42, 17, 53, 150, 12.25),
(42, 17, 54, 100, 11.00),
(42, 17, 55, 80, 14.75),
(43, 18, 56, 120, 9.99),
(43, 18, 57, 100, 13.50),
(43, 18, 58, 50, 10.00),
(44, 19, 59, 200, 7.99),
(44, 19, 60, 120, 11.25),
(44, 19, 61, 90, 10.75),
(45, 20, 62, 150, 9.50),
(45, 20, 63, 80, 8.25),
(45, 20, 64, 100, 12.99),
(46, 21, 65, 50, 15.50),
(46, 21, 66, 200, 8.99),
(46, 21, 67, 100, 10.25),
(47, 22, 68, 120, 11.75),
(47, 22, 69, 80, 9.50),
(47, 22, 70, 100, 15.99),
(48, 23, 71, 50, 10.50),
(48, 23, 1, 200, 8.75),
(48, 23, 2, 150, 12.25),
(49, 24, 3, 100, 11.00),
(49, 24, 4, 80, 14.75),
(49, 24, 5, 120, 9.99),
(50, 25, 6, 100, 13.50),
(50, 25, 7, 50, 10.00),
(50, 25, 8, 200, 7.99),
(51, 1, 9, 120, 11.25),
(51, 1, 10, 90, 10.75),
(51, 1, 11, 150, 9.50),
(52, 2, 12, 80, 8.25),
(52, 2, 13, 100, 12.99),
(52, 2, 14, 50, 15.50),
(53, 3, 15, 200, 8.99),
(53, 3, 16, 100, 10.25),
(53, 3, 17, 120, 11.75),
(54, 4, 18, 80, 9.50),
(54, 4, 19, 100, 15.99),
(54, 4, 20, 50, 10.50),
(55, 5, 21, 200, 8.75),
(55, 5, 22, 150, 12.25),
(55, 5, 23, 100, 11.00),
(56, 6, 24, 80, 14.75),
(56, 6, 25, 120, 9.99),
(56, 6, 26, 100, 13.50),
(57, 7, 27, 50, 10.00),
(57, 7, 28, 200, 7.99),
(57, 7, 29, 120, 11.25),
(58, 8, 30, 90, 10.75),
(58, 8, 31, 150, 9.50),
(58, 8, 32, 80, 8.25),
(59, 9, 33, 100, 12.99),
(59, 9, 34, 50, 15.50),
(59, 9, 35, 200, 8.99),
(60, 10, 36, 100, 10.25),
(60, 10, 37, 120, 11.75),
(60, 10, 38, 80, 9.50),
(61, 11, 39, 100, 15.99),
(61, 11, 40, 50, 10.50),
(61, 11, 41, 200, 8.75),
(62, 12, 42, 150, 12.25),
(62, 12, 43, 100, 11.00),
(62, 12, 44, 80, 14.75),
(63, 13, 45, 120, 9.99),
(63, 13, 46, 100, 13.50),
(63, 13, 47, 50, 10.00),
(64, 14, 48, 200, 7.99),
(64, 14, 49, 120, 11.25),
(64, 14, 50, 90, 10.75),
(65, 15, 51, 150, 9.50),
(65, 15, 52, 80, 8.25),
(65, 15, 53, 100, 12.99),
(66, 16, 54, 50, 15.50),
(66, 16, 55, 200, 8.99),
(66, 16, 56, 100, 10.25),
(67, 17, 57, 120, 11.75),
(67, 17, 58, 80, 9.50),
(67, 17, 59, 100, 15.99),
(68, 18, 60, 50, 10.50),
(68, 18, 61, 200, 8.75),
(68, 18, 62, 150, 12.25),
(69, 19, 63, 100, 11.00),
(69, 19, 64, 80, 14.75),
(69, 19, 65, 120, 9.99),
(70, 20, 66, 100, 13.50),
(70, 20, 67, 50, 10.00),
(70, 20, 68, 200, 7.99),
(71, 21, 69, 120, 11.25),
(71, 21, 70, 90, 10.75),
(71, 21, 71, 150, 9.50),
(72, 22, 1, 80, 8.25),
(72, 22, 2, 100, 12.99),
(72, 22, 3, 50, 15.50),
(73, 23, 4, 200, 8.99),
(73, 23, 5, 100, 10.25),
(73, 23, 6, 120, 11.75),
(74, 24, 7, 80, 9.50),
(74, 24, 8, 100, 15.99),
(74, 24, 9, 50, 10.50),
(75, 25, 10, 200, 8.75),
(75, 25, 11, 150, 12.25),
(75, 25, 12, 100, 11.00);

INSERT INTO Viajes (idViaje, idUnidadTransporte, idZona, fecha, observaciones, estado) VALUES
(1, 1, 1, '2024-01-01 08:00:00', NULL, 'D'),
(2, 2, 2, '2024-01-02 10:30:00', NULL, 'D'),
(3, 3, 3, '2024-01-03 12:45:00', NULL, 'D'),
(4, 4, 4, '2024-01-04 09:15:00', NULL, 'D'),
(5, 5, 5, '2024-01-05 11:20:00', NULL, 'D'),
(6, 6, 6, '2024-01-06 14:00:00', NULL, 'D'),
(7, 7, 7, '2024-01-07 08:30:00', NULL, 'D'),
(8, 8, 8, '2024-01-08 10:45:00', NULL, 'D'),
(9, 9, 9, '2024-01-09 13:10:00', NULL, 'D'),
(10, 10, 10, '2024-01-10 15:20:00', NULL, 'D'),
(11, 11, 11, '2024-01-11 08:50:00', NULL, 'D'),
(12, 12, 12, '2024-01-12 11:00:00', NULL, 'D'),
(13, 13, 13, '2024-01-13 13:30:00', NULL, 'D'),
(14, 14, 14, '2024-01-14 16:40:00', NULL, 'D'),
(15, 15, 15, '2024-01-15 09:05:00', NULL, 'D'),
(16, 16, 16, '2024-01-16 10:15:00', NULL, 'D'),
(17, 17, 17, '2024-01-17 12:20:00', NULL, 'D'),
(18, 18, 18, '2024-01-18 14:35:00', NULL, 'D'),
(19, 19, 19, '2024-01-19 08:45:00', NULL, 'D'),
(20, 20, 20, '2024-01-20 11:10:00', NULL, 'D'),
(21, 21, 21, '2024-01-21 09:30:00', NULL, 'D'),
(22, 22, 22, '2024-01-22 11:45:00', NULL, 'D'),
(23, 23, 23, '2024-01-23 13:55:00', NULL, 'D'),
(24, 24, 24, '2024-01-24 16:00:00', NULL, 'D'),
(25, 25, 25, '2024-01-25 09:20:00', NULL, 'D'),
(26, 26, 1, '2024-01-26 08:00:00', NULL, 'D'),
(27, 27, 2, '2024-01-27 10:30:00', NULL, 'D'),
(28, 28, 3, '2024-01-28 12:45:00', NULL, 'D'),
(29, 29, 4, '2024-01-29 09:15:00', NULL, 'D'),
(30, 30, 5, '2024-01-30 11:20:00', NULL, 'D'),
(31, 31, 6, '2024-01-31 14:00:00', NULL, 'D'),
(32, 32, 7, '2024-02-01 08:30:00', NULL, 'D'),
(33, 33, 8, '2024-02-02 10:45:00', NULL, 'D'),
(34, 34, 9, '2024-02-03 13:10:00', NULL, 'D'),
(35, 35, 10, '2024-02-04 15:20:00', NULL, 'D'),
(36, 36, 11, '2024-02-05 08:50:00', NULL, 'D'),
(37, 37, 12, '2024-02-06 11:00:00', NULL, 'D'),
(38, 38, 13, '2024-02-07 13:30:00', NULL, 'D'),
(39, 39, 14, '2024-02-08 16:40:00', NULL, 'D'),
(40, 40, 15, '2024-02-09 09:05:00', NULL, 'D'),
(41, 1, 1, '2024-02-10 10:15:00', NULL, 'D'),
(42, 2, 2, '2024-02-11 12:20:00', NULL, 'D'),
(43, 3, 3, '2024-02-12 14:35:00', NULL, 'D'),
(44, 4, 4, '2024-02-13 08:45:00', NULL, 'D'),
(45, 5, 5, '2024-02-14 11:10:00', NULL, 'D'),
(46, 6, 6, '2024-02-15 09:30:00', NULL, 'D'),
(47, 7, 7, '2024-02-16 11:45:00', NULL, 'D'),
(48, 8, 8, '2024-02-17 13:55:00', NULL, 'D'),
(49, 9, 9, '2024-02-18 16:00:00', NULL, 'D'),
(50, 10, 10, '2024-02-19 09:20:00', NULL, 'D'),
(51, 11, 11, '2024-02-20 08:00:00', NULL, 'D'),
(52, 12, 12, '2024-02-21 10:30:00', NULL, 'D'),
(53, 13, 13, '2024-02-22 12:45:00', NULL, 'D'),
(54, 14, 14, '2024-02-23 09:15:00', NULL, 'D'),
(55, 15, 15, '2024-02-24 11:20:00', NULL, 'D'),
(56, 16, 16, '2024-02-25 14:00:00', NULL, 'D'),
(57, 17, 17, '2024-02-26 08:30:00', NULL, 'D'),
(58, 18, 18, '2024-02-27 10:45:00', NULL, 'D'),
(59, 19, 19, '2024-02-28 13:10:00', NULL, 'D'),
(60, 20, 20, '2024-03-01 15:20:00', NULL, 'D'),
(61, 21, 21, '2024-03-02 08:50:00', NULL, 'D'),
(62, 22, 22, '2024-03-03 11:00:00', NULL, 'D'),
(63, 23, 23, '2024-03-04 13:30:00', NULL, 'D'),
(64, 24, 24, '2024-03-05 16:40:00', NULL, 'D'),
(65, 25, 25, '2024-03-06 09:05:00', NULL, 'D'),
(66, 26, 1, '2024-03-07 10:15:00', NULL, 'D'),
(67, 27, 2, '2024-03-08 12:20:00', NULL, 'D'),
(68, 28, 3, '2024-03-09 14:35:00', NULL, 'D'),
(69, 29, 4, '2024-03-10 08:45:00', NULL, 'D'),
(70, 30, 5, '2024-03-11 11:10:00', NULL, 'D'),
(71, 31, 6, '2024-03-12 09:30:00', NULL, 'D'),
(72, 32, 7, '2024-03-13 11:45:00', NULL, 'D'),
(73, 33, 8, '2024-03-14 13:55:00', NULL, 'D'),
(74, 34, 9, '2024-03-15 16:00:00', NULL, 'D'),
(75, 35, 10, '2024-03-16 09:20:00', NULL, 'D'),
(76, 36, 11, '2024-03-17 08:00:00', NULL, 'D'),
(77, 37, 12, '2024-03-18 10:30:00', NULL, 'D'),
(78, 38, 13, '2024-03-19 12:45:00', NULL, 'D'),
(79, 39, 14, '2024-03-20 09:15:00', NULL, 'D'),
(80, 40, 15, '2024-03-21 11:20:00', NULL, 'D'),
(81, 1, 1, '2024-03-22 14:00:00', NULL, 'D'),
(82, 2, 2, '2024-03-23 08:30:00', NULL, 'D'),
(83, 3, 3, '2024-03-24 10:45:00', NULL, 'D'),
(84, 4, 4, '2024-03-25 13:10:00', NULL, 'D'),
(85, 5, 5, '2024-03-26 15:20:00', NULL, 'D'),
(86, 6, 6, '2024-03-27 08:50:00', NULL, 'D'),
(87, 7, 7, '2024-03-28 11:00:00', NULL, 'D'),
(88, 8, 8, '2024-03-29 13:30:00', NULL, 'D'),
(89, 9, 9, '2024-03-30 16:40:00', NULL, 'D'),
(90, 10, 10, '2024-03-31 09:05:00', NULL, 'D'),
(91, 11, 11, '2024-04-01 10:15:00', NULL, 'D'),
(92, 12, 12, '2024-04-02 12:20:00', NULL, 'D'),
(93, 13, 13, '2024-04-03 14:35:00', NULL, 'D'),
(94, 14, 14, '2024-04-04 08:45:00', NULL, 'D'),
(95, 15, 15, '2024-04-05 11:10:00', NULL, 'D'),
(96, 16, 16, '2024-04-06 09:30:00', NULL, 'D'),
(97, 17, 17, '2024-04-07 11:45:00', NULL, 'D'),
(98, 18, 18, '2024-04-08 13:55:00', NULL, 'D'),
(99, 19, 19, '2024-04-09 16:00:00', NULL, 'D'),
(100, 20, 20, '2024-04-10 09:20:00', NULL, 'D'),
(101, 19, 19, '2024-04-10 10:20:00', NULL, 'D'),
(102, 1, 1, '2024-04-10 11:20:00', NULL, 'D'),
(103, 16, 16, '2024-04-10 12:20:00', NULL, 'A'),
(104, 20, 20, '2024-04-10 12:20:00', NULL, 'A'),
(105, 19, 19, '2024-04-10 13:20:00', NULL, 'D'),
(106, 7, 7, '2024-04-11 12:20:00', NULL, 'A'),
(107, 1, 1, '2024-04-11 13:20:00', NULL, 'D');
    
INSERT INTO Pedidos (idPedido, idCliente, idViaje, fecha, observaciones) VALUES
(1, 1, 1, '2023-12-31 07:00:00', NULL),
(2, 51, 1, '2023-12-31 08:00:00', NULL),
(3, 26, 1, '2023-12-31 09:00:00', NULL),
(4, 2, 2, '2024-01-01 10:00:00', NULL),
(5, 27, 2, '2024-01-01 11:00:00', NULL),
(6, 52, 2, '2024-01-01 12:00:00', NULL),
(7, 3, 3, '2024-01-02 13:00:00', NULL),
(8, 28, 3, '2024-01-02 14:00:00', NULL),
(9, 56, 3, '2024-01-02 15:00:00', NULL),
(10, 7, 4, '2024-01-03 16:00:00', NULL),
(11, 29, 4, '2024-01-03 17:00:00', NULL),
(12, 54, 4, '2024-01-03 18:00:00', NULL),
(13, 5, 5, '2024-01-04 19:00:00', NULL),
(14, 30, 5, '2024-01-04 20:00:00', NULL),
(15, 55, 5, '2024-01-04 07:00:00', NULL),
(16, 6, 6, '2024-01-05 08:00:00', NULL),
(17, 31, 6, '2024-01-05 09:00:00', NULL),
(18, 56, 6, '2024-01-05 10:00:00', NULL),
(19, 7, 7, '2024-01-06 11:00:00', NULL),
(20, 32, 7, '2024-01-06 12:00:00', NULL),
(21, 57, 7, '2024-01-06 13:00:00', NULL),
(22, 8, 8, '2024-01-07 14:00:00', NULL),
(23, 33, 8, '2024-01-07 15:00:00', NULL),
(24, 58, 8, '2024-01-07 16:00:00', NULL),
(25, 9, 9, '2024-01-08 17:00:00', NULL),
(26, 34, 9, '2024-01-08 18:00:00', NULL),
(27, 59, 9, '2024-01-08 19:00:00', NULL),
(28, 10, 10, '2024-01-09 20:00:00', NULL),
(29, 35, 10, '2024-01-09 07:00:00', NULL),
(30, 60, 10, '2024-01-09 08:00:00', NULL),
(31, 11, 11, '2024-01-10 09:00:00', NULL),
(32, 36, 11, '2024-01-10 10:00:00', NULL),
(33, 61, 11, '2024-01-10 11:00:00', NULL),
(34, 12, 12, '2024-01-11 12:00:00', NULL),
(35, 37, 12, '2024-01-11 13:00:00', NULL),
(36, 62, 12, '2024-01-11 14:00:00', NULL),
(37, 13, 13, '2024-01-12 15:00:00', NULL),
(38, 38, 13, '2024-01-12 16:00:00', NULL),
(39, 63, 13, '2024-01-12 17:00:00', NULL),
(40, 14, 14, '2024-01-13 18:00:00', NULL),
(41, 39, 14, '2024-01-13 19:00:00', NULL),
(42, 64, 14, '2024-01-13 20:00:00', NULL),
(43, 15, 15, '2024-01-14 07:00:00', NULL),
(44, 40, 15, '2024-01-14 08:00:00', NULL),
(45, 65, 15, '2024-01-14 09:00:00', NULL),
(46, 41, 16, '2024-01-15 10:00:00', NULL),
(47, 66, 16, '2024-01-15 11:00:00', NULL),
(48, 17, 16, '2024-01-15 12:00:00', NULL),
(49, 17, 17, '2024-01-16 13:00:00', NULL),
(50, 42, 17, '2024-01-16 14:00:00', NULL),
(51, 67, 17, '2024-01-16 15:00:00', NULL),
(52, 18, 18, '2024-01-17 16:00:00', NULL),
(53, 43, 18, '2024-01-17 17:00:00', NULL),
(54, 68, 18, '2024-01-17 18:00:00', NULL),
(55, 19, 19, '2024-01-18 19:00:00', NULL),
(56, 44, 19, '2024-01-18 20:00:00', NULL),
(57, 69, 19, '2024-01-18 07:00:00', NULL),
(58, 20, 20, '2024-01-19 08:00:00', NULL),
(59, 45, 20, '2024-01-19 09:00:00', NULL),
(60, 70, 20, '2024-01-19 10:00:00', NULL),
(61, 21, 21, '2024-01-20 11:00:00', NULL),
(62, 46, 21, '2024-01-20 12:00:00', NULL),
(63, 71, 21, '2024-01-20 13:00:00', NULL),
(64, 22, 22, '2024-01-21 14:00:00', NULL),
(65, 47, 22, '2024-01-21 15:00:00', NULL),
(66, 72, 22, '2024-01-21 16:00:00', NULL),
(67, 23, 23, '2024-01-22 17:00:00', NULL),
(68, 48, 23, '2024-01-22 18:00:00', NULL),
(69, 73, 23, '2024-01-22 19:00:00', NULL),
(70, 24, 24, '2024-01-23 20:00:00', NULL),
(71, 49, 24, '2024-01-23 07:00:00', NULL),
(72, 74, 24, '2024-01-23 08:00:00', NULL),
(73, 25, 25, '2024-01-24 09:00:00', NULL),
(74, 50, 25, '2024-01-24 10:00:00', NULL),
(75, 75, 25, '2024-01-24 11:00:00', NULL),
(76, 1, 26, '2024-01-25 12:00:00', NULL),
(77, 26, 26, '2024-01-25 13:00:00', NULL),
(78, 51, 26, '2024-01-25 14:00:00', NULL),
(79, 2, 27, '2024-01-26 15:00:00', NULL),
(80, 27, 27, '2024-01-26 16:00:00', NULL),
(81, 52, 27, '2024-01-26 17:00:00', NULL),
(82, 3, 28, '2024-01-27 18:00:00', NULL),
(83, 28, 28, '2024-01-27 19:00:00', NULL),
(84, 53, 28, '2024-01-27 20:00:00', NULL),
(85, 4, 29, '2024-01-28 07:00:00', NULL),
(86, 29, 29, '2024-01-28 08:00:00', NULL),
(87, 54, 29, '2024-01-28 09:00:00', NULL),
(88, 5, 30, '2024-01-29 10:00:00', NULL),
(89, 30, 30, '2024-01-29 11:00:00', NULL),
(90, 55, 30, '2024-01-29 12:00:00', NULL),
(91, 6, 31, '2024-01-30 13:00:00', NULL),
(92, 31, 31, '2024-01-30 14:00:00', NULL),
(93, 56, 31, '2024-01-30 15:00:00', NULL),
(94, 7, 32, '2024-01-31 16:00:00', NULL),
(95, 32, 32, '2024-01-31 17:00:00', NULL),
(96, 57, 32, '2024-01-31 18:00:00', NULL),
(97, 8, 33, '2024-02-01 19:00:00', NULL),
(98, 33, 33, '2024-02-01 20:00:00', NULL),
(99, 58, 33, '2024-02-01 07:00:00', NULL),
(100, 9, 34, '2024-02-02 08:00:00', NULL),
(101, 34, 34, '2024-02-02 09:00:00', NULL),
(102, 59, 34, '2024-02-02 10:00:00', NULL),
(103, 10, 35, '2024-02-03 11:00:00', NULL),
(104, 35, 35, '2024-02-03 12:00:00', NULL),
(105, 60, 35, '2024-02-03 13:00:00', NULL),
(106, 11, 36, '2024-02-04 14:00:00', NULL),
(107, 36, 36, '2024-02-04 15:00:00', NULL),
(108, 61, 36, '2024-02-04 16:00:00', NULL),
(109, 12, 37, '2024-02-05 17:00:00', NULL),
(110, 37, 37, '2024-02-05 18:00:00', NULL),
(111, 62, 37, '2024-02-05 19:00:00', NULL),
(112, 13, 38, '2024-02-06 20:00:00', NULL),
(113, 38, 38, '2024-02-06 07:00:00', NULL),
(114, 63, 38, '2024-02-06 08:00:00', NULL),
(115, 14, 39, '2024-02-07 09:00:00', NULL),
(116, 39, 39, '2024-02-07 10:00:00', NULL),
(117, 64, 39, '2024-02-07 11:00:00', NULL),
(118, 15, 40, '2024-02-08 12:00:00', NULL),
(119, 40, 40, '2024-02-08 13:00:00', NULL),
(120, 65, 40, '2024-02-08 14:00:00', NULL),
(121, 1, 41, '2024-02-09 15:00:00', NULL),
(122, 26, 41, '2024-02-09 16:00:00', NULL),
(123, 51, 41, '2024-02-09 17:00:00', NULL),
(124, 2, 42, '2024-02-10 18:00:00', NULL),
(125, 27, 42, '2024-02-10 19:00:00', NULL),
(126, 52, 42, '2024-02-10 20:00:00', NULL),
(127, 3, 43, '2024-02-11 07:00:00', NULL),
(128, 28, 43, '2024-02-11 08:00:00', NULL),
(129, 53, 43, '2024-02-11 09:00:00', NULL),
(130, 4, 44, '2024-02-12 10:00:00', NULL),
(131, 29, 44, '2024-02-12 11:00:00', NULL),
(132, 54, 44, '2024-02-12 12:00:00', NULL),
(133, 5, 45, '2024-02-13 13:00:00', NULL),
(134, 30, 45, '2024-02-13 14:00:00', NULL),
(135, 55, 45, '2024-02-13 15:00:00', NULL),
(136, 6, 46, '2024-02-14 16:00:00', NULL),
(137, 31, 46, '2024-02-14 17:00:00', NULL),
(138, 56, 46, '2024-02-14 18:00:00', NULL),
(139, 7, 47, '2024-02-15 19:00:00', NULL),
(140, 32, 47, '2024-02-15 20:00:00', NULL),
(141, 57, 47, '2024-02-15 07:00:00', NULL),
(142, 8, 48, '2024-02-16 08:00:00', NULL),
(143, 33, 48, '2024-02-16 09:00:00', NULL),
(144, 58, 48, '2024-02-16 10:00:00', NULL),
(145, 9, 49, '2024-02-17 11:00:00', NULL),
(146, 34, 49, '2024-02-17 12:00:00', NULL),
(147, 59, 49, '2024-02-17 13:00:00', NULL),
(148, 10, 50, '2024-02-18 14:00:00', NULL),
(149, 35, 50, '2024-02-18 15:00:00', NULL),
(150, 60, 50, '2024-02-18 16:00:00', NULL),
(151, 11, 51, '2024-02-19 17:00:00', NULL),
(152, 36, 51, '2024-02-19 18:00:00', NULL),
(153, 61, 51, '2024-02-19 19:00:00', NULL),
(154, 12, 52, '2024-02-20 20:00:00', NULL),
(155, 37, 52, '2024-02-20 07:00:00', NULL),
(156, 62, 52, '2024-02-20 08:00:00', NULL),
(157, 13, 53, '2024-02-21 09:00:00', NULL),
(158, 38, 53, '2024-02-21 10:00:00', NULL),
(159, 63, 53, '2024-02-21 11:00:00', NULL),
(160, 14, 54, '2024-02-22 12:00:00', NULL),
(161, 39, 54, '2024-02-22 13:00:00', NULL),
(162, 64, 54, '2024-02-22 14:00:00', NULL),
(163, 15, 55, '2024-02-23 15:00:00', NULL),
(164, 40, 55, '2024-02-23 16:00:00', NULL),
(165, 65, 55, '2024-02-23 17:00:00', NULL),
(166, 16, 56, '2024-02-24 18:00:00', NULL),
(167, 41, 56, '2024-02-24 19:00:00', NULL),
(168, 66, 56, '2024-02-24 20:00:00', NULL),
(169, 17, 57, '2024-02-25 07:00:00', NULL),
(170, 42, 57, '2024-02-25 08:00:00', NULL),
(171, 67, 57, '2024-02-25 09:00:00', NULL),
(172, 18, 58, '2024-02-26 10:00:00', NULL),
(173, 43, 58, '2024-02-26 11:00:00', NULL),
(174, 68, 58, '2024-02-26 12:00:00', NULL),
(175, 19, 59, '2024-02-27 13:00:00', NULL),
(176, 44, 59, '2024-02-27 14:00:00', NULL),
(177, 69, 59, '2024-02-27 15:00:00', NULL),
(178, 20, 60, '2024-02-28 16:00:00', NULL),
(179, 45, 60, '2024-02-28 17:00:00', NULL),
(180, 70, 60, '2024-02-28 18:00:00', NULL),
(181, 21, 61, '2024-02-29 19:00:00', NULL),
(182, 46, 61, '2024-02-29 20:00:00', NULL),
(183, 71, 61, '2024-02-29 07:00:00', NULL),
(184, 22, 62, '2024-03-01 08:00:00', NULL),
(185, 47, 62, '2024-03-01 09:00:00', NULL),
(186, 72, 62, '2024-03-01 10:00:00', NULL),
(187, 23, 63, '2024-03-02 11:00:00', NULL),
(188, 48, 63, '2024-03-02 12:00:00', NULL),
(189, 73, 63, '2024-03-02 13:00:00', NULL),
(190, 24, 64, '2024-03-03 14:00:00', NULL),
(191, 49, 64, '2024-03-03 15:00:00', NULL),
(192, 74, 64, '2024-03-03 16:00:00', NULL),
(193, 25, 65, '2024-03-04 17:00:00', NULL),
(194, 50, 65, '2024-03-04 18:00:00', NULL),
(195, 75, 65, '2024-03-04 19:00:00', NULL),
(196, 1, 66, '2024-03-05 20:00:00', NULL),
(197, 26, 66, '2024-03-05 07:00:00', NULL),
(198, 51, 66, '2024-03-05 08:00:00', NULL),
(199, 2, 67, '2024-03-06 09:00:00', NULL),
(200, 27, 67, '2024-03-06 10:00:00', NULL),
(201, 52, 67, '2024-03-06 11:00:00', NULL),
(202, 3, 68, '2024-03-07 12:00:00', NULL),
(203, 28, 68, '2024-03-07 13:00:00', NULL),
(204, 53, 68, '2024-03-07 14:00:00', NULL),
(205, 4, 69, '2024-03-08 15:00:00', NULL),
(206, 29, 69, '2024-03-08 16:00:00', NULL),
(207, 54, 69, '2024-03-08 17:00:00', NULL),
(208, 5, 70, '2024-03-09 18:00:00', NULL),
(209, 30, 70, '2024-03-09 19:00:00', NULL),
(210, 55, 70, '2024-03-09 20:00:00', NULL),
(211, 6, 71, '2024-03-10 07:00:00', NULL),
(212, 31, 71, '2024-03-10 08:00:00', NULL),
(213, 56, 71, '2024-03-10 09:00:00', NULL),
(214, 7, 72, '2024-03-11 10:00:00', NULL),
(215, 32, 72, '2024-03-11 11:00:00', NULL),
(216, 57, 72, '2024-03-11 12:00:00', NULL),
(217, 8, 73, '2024-03-12 13:00:00', NULL),
(218, 33, 73, '2024-03-12 14:00:00', NULL),
(219, 58, 73, '2024-03-12 15:00:00', NULL),
(220, 9, 74, '2024-03-13 16:00:00', NULL),
(221, 34, 74, '2024-03-13 17:00:00', NULL),
(222, 59, 74, '2024-03-13 18:00:00', NULL),
(223, 10, 75, '2024-03-14 19:00:00', NULL),
(224, 35, 75, '2024-03-14 20:00:00', NULL),
(225, 60, 75, '2024-03-14 07:00:00', NULL),
(226, 11, 76, '2024-03-15 08:00:00', NULL),
(227, 36, 76, '2024-03-15 09:00:00', NULL),
(228, 61, 76, '2024-03-15 10:00:00', NULL),
(229, 12, 77, '2024-03-16 11:00:00', NULL),
(230, 37, 77, '2024-03-16 12:00:00', NULL),
(231, 62, 77, '2024-03-16 13:00:00', NULL),
(232, 13, 78, '2024-03-17 14:00:00', NULL),
(233, 38, 78, '2024-03-17 15:00:00', NULL),
(234, 63, 78, '2024-03-17 16:00:00', NULL),
(235, 14, 79, '2024-03-18 17:00:00', NULL),
(236, 39, 79, '2024-03-18 18:00:00', NULL),
(237, 64, 79, '2024-03-18 19:00:00', NULL),
(238, 15, 80, '2024-03-19 20:00:00', NULL),
(239, 40, 80, '2024-03-19 07:00:00', NULL),
(240, 65, 80, '2024-03-19 08:00:00', NULL),
(241, 1, 81, '2024-03-20 09:00:00', NULL),
(242, 26, 81, '2024-03-20 10:00:00', NULL),
(243, 51, 81, '2024-03-20 11:00:00', NULL),
(244, 2, 82, '2024-03-21 12:00:00', NULL),
(245, 27, 82, '2024-03-21 13:00:00', NULL),
(246, 52, 82, '2024-03-21 14:00:00', NULL),
(248, 3, 83, '2024-03-22 15:00:00', NULL),
(249, 28, 83, '2024-03-22 16:00:00', NULL),
(250, 53, 83, '2024-03-22 17:00:00', NULL),
(252, 4, 84, '2024-03-23 18:00:00', NULL),
(253, 29, 84, '2024-03-23 19:00:00', NULL),
(254, 54, 84, '2024-03-23 20:00:00', NULL),
(255, 5, 85, '2024-03-24 07:00:00', NULL),
(256, 30, 85, '2024-03-24 08:00:00', NULL),
(257, 55, 85, '2024-03-24 09:00:00', NULL),
(258, 6, 86, '2024-03-25 10:00:00', NULL),
(259, 31, 86, '2024-03-25 11:00:00', NULL),
(260, 56, 86, '2024-03-25 12:00:00', NULL),
(261, 7, 87, '2024-03-26 13:00:00', NULL),
(262, 32, 87, '2024-03-26 14:00:00', NULL),
(263, 57, 87, '2024-03-26 15:00:00', NULL),
(265, 8, 88, '2024-03-27 16:00:00', NULL),
(266, 33, 88, '2024-03-27 17:00:00', NULL),
(267, 9, 89, '2024-03-28 18:00:00', NULL),
(268, 34, 89, '2024-03-28 19:00:00', NULL),
(269, 10, 90, '2024-03-29 20:00:00', NULL),
(270, 35, 90, '2024-03-29 07:00:00', NULL),
(271, 11, 91, '2024-03-30 08:00:00', NULL),
(272, 36, 91, '2024-03-30 09:00:00', NULL),
(273, 12, 92, '2024-03-31 10:00:00', NULL),
(274, 37, 92, '2024-03-31 11:00:00', NULL),
(275, 38, 93, '2024-04-01 12:00:00', NULL),
(276, 13, 93, '2024-04-01 13:00:00', NULL),
(277, 14, 94, '2024-04-02 14:00:00', NULL),
(278, 39, 94, '2024-04-02 15:00:00', NULL),
(279, 15, 95, '2024-04-03 16:00:00', NULL),
(280, 40, 95, '2024-04-03 17:00:00', NULL),
(281, 16, 96, '2024-04-04 18:00:00', NULL),
(282, 41, 96, '2024-04-04 19:00:00', NULL),
(283, 17, 97, '2024-04-05 20:00:00', NULL),
(284, 42, 97, '2024-04-05 07:00:00', NULL),
(285, 18, 98, '2024-04-06 08:00:00', NULL),
(286, 43, 98, '2024-04-06 09:00:00', NULL),
(287, 19, 99, '2024-04-07 10:00:00', NULL),
(288, 44, 99, '2024-04-07 11:00:00', NULL),
(289, 69, 99, '2024-04-07 12:00:00', NULL),
(290, 20, 100, '2024-04-08 13:00:00', NULL),
(291, 45, 100, '2024-04-08 14:00:00', NULL),
(292, 70, 100, '2024-04-08 15:00:00', NULL),
(293, 19, 101, '2024-04-08 13:00:00', NULL),
(294, 44, 101, '2024-04-08 14:00:00', NULL),
(295, 69, 101, '2024-04-08 15:00:00', NULL),
(296, 1, 102, '2024-04-08 13:00:00', NULL),
(297, 26, 102, '2024-04-08 14:00:00', NULL),
(298, 51, 102, '2024-04-08 15:00:00', NULL),
(299, 16, 103, '2024-04-08 13:00:00', NULL),
(300, 41, 103, '2024-04-08 14:00:00', NULL),
(301, 66, 103, '2024-04-08 15:00:00', NULL),
(302, 20, 104, '2024-04-08 13:00:00', NULL),
(303, 45, 104, '2024-04-08 14:00:00', NULL),
(304, 70, 104, '2024-04-08 15:00:00', NULL),
(305, 19, 105, '2024-04-08 13:00:00', NULL),
(306, 44, 105, '2024-04-08 14:00:00', NULL),
(307, 69, 105, '2024-04-08 15:00:00', NULL),
(308, 7, 106, '2024-04-09 15:00:00', NULL),
(309, 32, 106, '2024-04-09 13:00:00', NULL),
(310, 57, 106, '2024-04-09 14:00:00', NULL),
(311, 1, 107, '2024-04-09 15:00:00', NULL);

INSERT INTO LineasPedido (idPedido, idCliente, idProducto, cantidad, precio) VALUES
(1, 1, 1, 5, 250.0),
(1, 1, 2, 3, 150.0),
(2, 51, 3, 1, 50.0),
(2, 51, 4, 4, 200.0),
(3, 26, 5, 2, 100.0),
(3, 26, 6, 1, 50.0),
(4, 2, 7, 3, 150.0),
(4, 2, 8, 2, 100.0),
(5, 27, 9, 1, 50.0),
(5, 27, 10, 2, 100.0),
(6, 52, 11, 4, 200.0),
(6, 52, 12, 3, 150.0),
(7, 3, 13, 2, 100.0),
(7, 3, 14, 1, 50.0),
(8, 28, 15, 5, 250.0),
(8, 28, 16, 2, 100.0),
(9, 56, 17, 1, 50.0),
(9, 56, 18, 3, 150.0),
(10, 7, 19, 2, 100.0),
(10, 7, 20, 1, 50.0),
(11, 29, 21, 3, 150.0),
(11, 29, 22, 2, 100.0),
(12, 54, 23, 4, 200.0),
(12, 54, 24, 1, 50.0),
(13, 5, 25, 2, 100.0),
(13, 5, 26, 3, 150.0),
(14, 30, 27, 1, 50.0),
(14, 30, 28, 2, 100.0),
(15, 55, 29, 3, 150.0),
(15, 55, 30, 1, 50.0),
(16, 6, 31, 2, 100.0),
(16, 6, 32, 4, 200.0),
(17, 31, 33, 1, 50.0),
(17, 31, 34, 2, 100.0),
(18, 56, 35, 3, 150.0),
(18, 56, 36, 1, 50.0),
(19, 7, 37, 2, 100.0),
(19, 7, 38, 3, 150.0),
(20, 32, 39, 1, 50.0),
(20, 32, 40, 2, 100.0),
(21, 57, 41, 3, 150.0),
(21, 57, 42, 2, 100.0),
(22, 8, 43, 1, 50.0),
(22, 8, 44, 2, 100.0),
(23, 33, 45, 3, 150.0),
(23, 33, 46, 1, 50.0),
(24, 58, 47, 2, 100.0),
(24, 58, 48, 3, 150.0),
(25, 9, 49, 1, 50.0),
(25, 9, 50, 2, 100.0),
(26, 34, 51, 3, 150.0),
(26, 34, 52, 1, 50.0),
(27, 59, 53, 2, 100.0),
(27, 59, 54, 3, 150.0),
(28, 10, 55, 1, 50.0),
(28, 10, 56, 2, 100.0),
(29, 35, 57, 3, 150.0),
(29, 35, 58, 1, 50.0),
(30, 60, 59, 2, 100.0),
(30, 60, 60, 3, 150.0),
(31, 11, 61, 1, 50.0),
(31, 11, 62, 2, 100.0),
(32, 36, 63, 3, 150.0),
(32, 36, 64, 1, 50.0),
(33, 61, 65, 2, 100.0),
(33, 61, 66, 3, 150.0),
(34, 12, 67, 1, 50.0),
(34, 12, 68, 2, 100.0),
(35, 37, 69, 3, 150.0),
(35, 37, 70, 1, 50.0),
(36, 62, 71, 2, 100.0),
(36, 62, 1, 3, 150.0),
(37, 13, 2, 1, 50.0),
(37, 13, 3, 2, 100.0),
(38, 38, 4, 3, 150.0),
(38, 38, 5, 1, 50.0),
(39, 63, 6, 2, 100.0),
(39, 63, 7, 3, 150.0),
(40, 14, 8, 1, 50.0),
(40, 14, 9, 2, 100.0),
(41, 39, 10, 3, 150.0),
(41, 39, 11, 1, 50.0),
(42, 64, 12, 2, 100.0),
(42, 64, 13, 3, 150.0),
(43, 15, 14, 1, 50.0),
(43, 15, 15, 2, 100.0),
(44, 40, 16, 3, 150.0),
(44, 40, 17, 1, 50.0),
(45, 65, 18, 2, 100.0),
(45, 65, 19, 3, 150.0),
(46, 41, 20, 1, 50.0),
(46, 41, 21, 2, 100.0),
(47, 66, 22, 3, 150.0),
(47, 66, 23, 1, 50.0),
(48, 17, 24, 2, 100.0),
(48, 17, 25, 3, 150.0),
(49, 17, 26, 1, 50.0),
(49, 17, 27, 2, 100.0),
(50, 42, 28, 3, 150.0),
(50, 42, 29, 1, 50.0),
(51, 67, 30, 2, 100.0),
(51, 67, 31, 3, 150.0),
(52, 18, 32, 1, 50.0),
(52, 18, 33, 2, 100.0),
(53, 43, 34, 3, 150.0),
(53, 43, 35, 1, 50.0),
(54, 68, 36, 2, 100.0),
(54, 68, 37, 3, 150.0),
(55, 19, 38, 1, 50.0),
(55, 19, 39, 2, 100.0),
(56, 44, 40, 3, 150.0),
(56, 44, 41, 1, 50.0),
(57, 69, 42, 2, 100.0),
(57, 69, 43, 3, 150.0),
(58, 20, 44, 1, 50.0),
(58, 20, 45, 2, 100.0),
(59, 45, 46, 3, 150.0),
(59, 45, 47, 1, 50.0),
(60, 70, 48, 2, 100.0),
(60, 70, 49, 3, 150.0),
(61, 21, 50, 1, 50.0),
(61, 21, 51, 2, 100.0),
(62, 46, 52, 3, 150.0),
(62, 46, 53, 1, 50.0),
(63, 71, 54, 2, 100.0),
(63, 71, 55, 3, 150.0),
(64, 22, 56, 1, 50.0),
(64, 22, 57, 2, 100.0),
(65, 47, 58, 3, 150.0),
(65, 47, 59, 1, 50.0),
(66, 72, 60, 2, 100.0),
(66, 72, 61, 3, 150.0),
(67, 23, 62, 1, 50.0),
(67, 23, 63, 2, 100.0),
(68, 48, 64, 3, 150.0),
(68, 48, 65, 1, 50.0),
(69, 73, 66, 2, 100.0),
(69, 73, 67, 3, 150.0),
(70, 24, 68, 1, 50.0),
(70, 24, 69, 2, 100.0),
(71, 49, 70, 3, 150.0),
(71, 49, 71, 1, 50.0),
(72, 74, 1, 2, 100.0),
(72, 74, 2, 3, 150.0),
(73, 25, 3, 1, 50.0),
(73, 25, 4, 2, 100.0),
(74, 50, 5, 3, 150.0),
(74, 50, 6, 1, 50.0),
(75, 75, 7, 2, 100.0),
(75, 75, 8, 3, 150.0),
(76, 1, 9, 1, 50.0),
(76, 1, 10, 2, 100.0),
(77, 26, 11, 3, 150.0),
(77, 26, 12, 1, 50.0),
(78, 51, 13, 2, 100.0),
(78, 51, 14, 3, 150.0),
(79, 2, 15, 1, 50.0),
(79, 2, 16, 2, 100.0),
(80, 27, 17, 3, 150.0),
(80, 27, 18, 1, 50.0),
(81, 52, 19, 2, 100.0),
(81, 52, 20, 3, 150.0),
(82, 3, 21, 1, 50.0),
(82, 3, 22, 2, 100.0),
(83, 28, 23, 3, 150.0),
(83, 28, 24, 1, 50.0),
(84, 53, 25, 2, 100.0),
(84, 53, 26, 3, 150.0),
(85, 4, 27, 1, 50.0),
(85, 4, 28, 2, 100.0),
(86, 29, 29, 3, 150.0),
(86, 29, 30, 1, 50.0),
(87, 54, 31, 2, 100.0),
(87, 54, 32, 3, 150.0),
(88, 5, 33, 1, 50.0),
(88, 5, 34, 2, 100.0),
(89, 30, 35, 3, 150.0),
(89, 30, 36, 1, 50.0),
(90, 55, 37, 2, 100.0),
(90, 55, 38, 3, 150.0),
(91, 6, 39, 1, 50.0),
(91, 6, 40, 2, 100.0),
(92, 31, 41, 3, 150.0),
(92, 31, 42, 1, 50.0),
(93, 56, 43, 2, 100.0),
(93, 56, 44, 3, 150.0),
(94, 7, 45, 1, 50.0),
(94, 7, 46, 2, 100.0),
(95, 32, 47, 3, 150.0),
(95, 32, 48, 1, 50.0),
(96, 57, 49, 2, 100.0),
(96, 57, 50, 3, 150.0),
(97, 8, 51, 1, 50.0),
(97, 8, 52, 2, 100.0),
(98, 33, 53, 3, 150.0),
(98, 33, 54, 1, 50.0),
(99, 58, 55, 2, 100.0),
(99, 58, 56, 3, 150.0),
(100, 9, 57, 1, 50.0),
(100, 9, 58, 2, 100.0),
(101, 34, 59, 3, 150.0),
(101, 34, 60, 1, 50.0),
(102, 59, 61, 2, 100.0),
(102, 59, 62, 3, 150.0),
(103, 10, 63, 1, 50.0),
(103, 10, 64, 2, 100.0),
(104, 35, 65, 3, 150.0),
(104, 35, 66, 1, 50.0),
(105, 60, 67, 2, 100.0),
(105, 60, 68, 3, 150.0),
(106, 11, 69, 1, 50.0),
(106, 11, 70, 2, 100.0),
(107, 36, 71, 3, 150.0),
(107, 36, 1, 1, 50.0),
(108, 61, 2, 2, 100.0),
(108, 61, 3, 3, 150.0),
(109, 12, 4, 1, 50.0),
(109, 12, 5, 2, 100.0),
(110, 37, 6, 3, 150.0),
(110, 37, 7, 1, 50.0),
(111, 62, 8, 2, 100.0),
(111, 62, 9, 3, 150.0),
(112, 13, 10, 1, 50.0),
(112, 13, 11, 2, 100.0),
(113, 38, 12, 3, 150.0),
(113, 38, 13, 1, 50.0),
(114, 63, 14, 2, 100.0),
(114, 63, 15, 3, 150.0),
(115, 14, 16, 1, 50.0),
(115, 14, 17, 2, 100.0),
(116, 39, 18, 3, 150.0),
(116, 39, 19, 1, 50.0),
(117, 64, 20, 2, 100.0),
(117, 64, 21, 3, 150.0),
(118, 15, 22, 1, 50.0),
(118, 15, 23, 2, 100.0),
(119, 40, 24, 3, 150.0),
(119, 40, 25, 1, 50.0),
(120, 65, 26, 2, 100.0),
(120, 65, 27, 3, 150.0),
(121, 1, 28, 1, 50.0),
(121, 1, 29, 2, 100.0),
(122, 26, 30, 3, 150.0),
(122, 26, 31, 1, 50.0),
(123, 51, 32, 2, 100.0),
(123, 51, 33, 3, 150.0),
(124, 2, 34, 1, 50.0),
(124, 2, 35, 2, 100.0),
(125, 27, 36, 3, 150.0),
(125, 27, 37, 1, 50.0),
(126, 52, 38, 2, 100.0),
(126, 52, 39, 3, 150.0),
(127, 3, 40, 1, 50.0),
(127, 3, 41, 2, 100.0),
(128, 28, 42, 3, 150.0),
(128, 28, 43, 1, 50.0),
(129, 53, 44, 2, 100.0),
(129, 53, 45, 3, 150.0),
(130, 4, 46, 1, 50.0),
(130, 4, 47, 2, 100.0),
(131, 29, 48, 3, 150.0),
(131, 29, 49, 1, 50.0),
(132, 54, 50, 2, 100.0),
(132, 54, 51, 3, 150.0),
(133, 5, 52, 1, 50.0),
(133, 5, 53, 2, 100.0),
(134, 30, 54, 3, 150.0),
(134, 30, 55, 1, 50.0),
(135, 55, 56, 2, 100.0),
(135, 55, 57, 3, 150.0),
(136, 6, 58, 1, 50.0),
(136, 6, 59, 2, 100.0),
(137, 31, 60, 3, 150.0),
(137, 31, 61, 1, 50.0),
(138, 56, 62, 2, 100.0),
(138, 56, 63, 3, 150.0),
(139, 7, 64, 1, 50.0),
(139, 7, 65, 2, 100.0),
(140, 32, 66, 3, 150.0),
(140, 32, 67, 1, 50.0),
(141, 57, 1, 2, 100.0),
(141, 57, 2, 3, 150.0),
(142, 8, 3, 1, 50.0),
(142, 8, 4, 2, 100.0),
(143, 33, 5, 3, 150.0),
(143, 33, 6, 1, 50.0),
(144, 58, 7, 2, 100.0),
(144, 58, 8, 3, 150.0),
(145, 9, 9, 1, 50.0),
(145, 9, 10, 2, 100.0),
(146, 34, 11, 3, 150.0),
(146, 34, 12, 1, 50.0),
(147, 59, 13, 2, 100.0),
(147, 59, 14, 3, 150.0),
(148, 10, 15, 1, 50.0),
(148, 10, 16, 2, 100.0),
(149, 35, 17, 3, 150.0),
(149, 35, 18, 1, 50.0),
(150, 60, 19, 2, 100.0),
(150, 60, 20, 3, 150.0),
(151, 11, 21, 1, 50.0),
(151, 11, 22, 2, 100.0),
(152, 36, 23, 3, 150.0),
(152, 36, 24, 1, 50.0),
(153, 61, 25, 2, 100.0),
(153, 61, 26, 3, 150.0),
(154, 12, 27, 1, 50.0),
(154, 12, 28, 2, 100.0),
(155, 37, 29, 3, 150.0),
(155, 37, 30, 1, 50.0),
(156, 62, 31, 2, 100.0),
(156, 62, 32, 3, 150.0),
(157, 13, 33, 1, 50.0),
(157, 13, 34, 2, 100.0),
(158, 38, 35, 3, 150.0),
(158, 38, 36, 1, 50.0),
(159, 63, 37, 2, 100.0),
(159, 63, 38, 3, 150.0),
(160, 14, 39, 1, 50.0),
(160, 14, 40, 2, 100.0),
(161, 39, 41, 3, 150.0),
(161, 39, 42, 1, 50.0),
(162, 64, 43, 2, 100.0),
(162, 64, 44, 3, 150.0),
(163, 15, 45, 1, 50.0),
(163, 15, 46, 2, 100.0),
(164, 40, 47, 3, 150.0),
(164, 40, 48, 1, 50.0),
(165, 65, 49, 2, 100.0),
(165, 65, 50, 3, 150.0),
(166, 16, 51, 1, 50.0),
(166, 16, 52, 2, 100.0),
(167, 41, 53, 3, 150.0),
(167, 41, 54, 1, 50.0),
(168, 66, 55, 2, 100.0),
(168, 66, 56, 3, 150.0),
(169, 17, 57, 1, 50.0),
(169, 17, 58, 2, 100.0),
(170, 42, 59, 3, 150.0),
(170, 42, 60, 1, 50.0),
(171, 67, 61, 2, 100.0),
(171, 67, 62, 3, 150.0),
(172, 18, 63, 1, 50.0),
(172, 18, 64, 2, 100.0),
(173, 43, 65, 3, 150.0),
(173, 43, 66, 1, 50.0),
(174, 68, 67, 2, 100.0),
(174, 68, 68, 3, 150.0),
(175, 19, 69, 1, 50.0),
(175, 19, 70, 2, 100.0),
(176, 44, 71, 3, 150.0),
(176, 44, 1, 1, 50.0),
(177, 69, 2, 2, 100.0),
(177, 69, 3, 3, 150.0),
(178, 20, 4, 1, 50.0),
(178, 20, 5, 2, 100.0),
(179, 45, 6, 3, 150.0),
(179, 45, 7, 1, 50.0),
(180, 70, 8, 2, 100.0),
(180, 70, 9, 3, 150.0),
(181, 21, 10, 1, 50.0),
(181, 21, 11, 2, 100.0),
(182, 46, 12, 3, 150.0),
(182, 46, 13, 1, 50.0),
(183, 71, 14, 2, 100.0),
(183, 71, 15, 3, 150.0),
(184, 22, 16, 1, 50.0),
(184, 22, 17, 2, 100.0),
(185, 47, 18, 3, 150.0),
(185, 47, 19, 1, 50.0),
(186, 72, 20, 2, 100.0),
(186, 72, 21, 3, 150.0),
(187, 23, 23, 1, 50.0),
(187, 23, 24, 2, 100.0),
(188, 48, 25, 3, 150.0),
(188, 48, 26, 1, 50.0),
(189, 73, 27, 2, 100.0),
(189, 73, 28, 3, 150.0),
(190, 24, 29, 1, 50.0),
(190, 24, 30, 2, 100.0),
(191, 49, 31, 3, 150.0),
(191, 49, 32, 1, 50.0),
(192, 74, 33, 2, 100.0),
(192, 74, 34, 3, 150.0),
(193, 25, 35, 1, 50.0),
(193, 25, 36, 2, 100.0),
(194, 50, 37, 3, 150.0),
(194, 50, 38, 1, 50.0),
(195, 75, 39, 2, 100.0),
(195, 75, 40, 3, 150.0),
(196, 1, 41, 1, 50.0),
(196, 1, 42, 2, 100.0),
(197, 26, 43, 3, 150.0),
(197, 26, 44, 1, 50.0),
(198, 51, 45, 2, 100.0),
(198, 51, 46, 3, 150.0),
(199, 2, 47, 1, 50.0),
(199, 2, 48, 2, 100.0),
(200, 27, 49, 3, 150.0),
(200, 27, 50, 1, 50.0),
(201, 52, 51, 2, 100.0),
(201, 52, 52, 3, 150.0),
(202, 3, 53, 1, 50.0),
(202, 3, 54, 2, 100.0),
(203, 28, 55, 3, 150.0),
(203, 28, 56, 1, 50.0),
(204, 53, 57, 2, 100.0),
(204, 53, 58, 3, 150.0),
(205, 4, 59, 1, 50.0),
(205, 4, 60, 2, 100.0),
(206, 29, 61, 3, 150.0),
(206, 29, 62, 1, 50.0),
(207, 54, 63, 2, 100.0),
(207, 54, 64, 3, 150.0),
(208, 5, 65, 1, 50.0),
(208, 5, 66, 2, 100.0),
(209, 30, 67, 3, 150.0),
(209, 30, 68, 1, 50.0),
(210, 55, 69, 2, 100.0),
(210, 55, 70, 3, 150.0),
(211, 6, 71, 1, 50.0),
(211, 6, 1, 2, 100.0),
(212, 31, 2, 3, 150.0),
(212, 31, 3, 1, 50.0),
(213, 56, 4, 2, 100.0),
(213, 56, 5, 3, 150.0),
(214, 7, 6, 1, 50.0),
(214, 7, 7, 2, 100.0),
(215, 32, 8, 3, 150.0),
(215, 32, 9, 1, 50.0),
(216, 57, 10, 2, 100.0),
(216, 57, 11, 3, 150.0),
(217, 8, 12, 1, 50.0),
(217, 8, 13, 2, 100.0),
(218, 33, 14, 3, 150.0),
(218, 33, 15, 1, 50.0),
(219, 58, 16, 2, 100.0),
(219, 58, 17, 3, 150.0),
(220, 9, 18, 1, 50.0),
(220, 9, 19, 2, 100.0),
(221, 34, 20, 3, 150.0),
(221, 34, 21, 1, 50.0),
(222, 59, 22, 2, 100.0),
(222, 59, 23, 3, 150.0),
(223, 10, 24, 1, 50.0),
(223, 10, 25, 2, 100.0),
(224, 35, 26, 3, 150.0),
(224, 35, 27, 1, 50.0),
(225, 60, 28, 2, 100.0),
(225, 60, 29, 3, 150.0),
(226, 11, 30, 1, 50.0),
(226, 11, 31, 2, 100.0),
(227, 36, 32, 3, 150.0),
(227, 36, 33, 1, 50.0),
(228, 61, 34, 2, 100.0),
(228, 61, 35, 3, 150.0),
(229, 12, 36, 1, 50.0),
(229, 12, 37, 2, 100.0),
(230, 37, 38, 3, 150.0),
(230, 37, 39, 1, 50.0),
(231, 62, 40, 2, 100.0),
(231, 62, 41, 3, 150.0),
(232, 13, 42, 1, 50.0),
(232, 13, 43, 2, 100.0),
(233, 38, 44, 3, 150.0),
(233, 38, 45, 1, 50.0),
(234, 63, 46, 2, 100.0),
(234, 63, 47, 3, 150.0),
(235, 14, 48, 1, 50.0),
(235, 14, 49, 2, 100.0),
(236, 39, 50, 3, 150.0),
(236, 39, 51, 1, 50.0),
(237, 64, 52, 2, 100.0),
(237, 64, 53, 3, 150.0),
(238, 15, 54, 1, 50.0),
(238, 15, 55, 2, 100.0),
(239, 40, 56, 3, 150.0),
(239, 40, 57, 1, 50.0),
(240, 65, 58, 2, 100.0),
(240, 65, 59, 3, 150.0),
(241, 1, 60, 1, 50.0),
(241, 1, 61, 2, 100.0),
(242, 26, 62, 3, 150.0),
(242, 26, 1, 1, 50.0),
(243, 51, 2, 2, 100.0),
(243, 51, 3, 3, 150.0),
(244, 2, 4, 1, 50.0),
(244, 2, 5, 2, 100.0),
(245, 27, 6, 3, 150.0),
(245, 27, 7, 1, 50.0),
(246, 52, 8, 2, 100.0),
(246, 52, 9, 3, 150.0),
(248, 3, 10, 1, 50.0),
(248, 3, 11, 2, 100.0),
(249, 28, 12, 3, 150.0),
(249, 28, 13, 1, 50.0),
(250, 53, 14, 2, 100.0),
(250, 53, 15, 3, 150.0),
(252, 4, 16, 1, 50.0),
(252, 4, 17, 2, 100.0),
(253, 29, 18, 3, 150.0),
(253, 29, 19, 1, 50.0),
(254, 54, 20, 2, 100.0),
(254, 54, 21, 3, 150.0),
(255, 5, 22, 1, 50.0),
(255, 5, 23, 2, 100.0),
(256, 30, 24, 3, 150.0),
(256, 30, 25, 1, 50.0),
(257, 55, 26, 2, 100.0),
(257, 55, 27, 3, 150.0),
(258, 6, 28, 1, 50.0),
(258, 6, 29, 2, 100.0),
(259, 31, 30, 3, 150.0),
(259, 31, 31, 1, 50.0),
(260, 56, 32, 2, 100.0),
(260, 56, 33, 3, 150.0),
(261, 7, 34, 1, 50.0),
(261, 7, 35, 2, 100.0),
(262, 32, 36, 3, 150.0),
(262, 32, 37, 1, 50.0),
(263, 57, 38, 2, 100.0),
(263, 57, 39, 3, 150.0),
(265, 8, 40, 1, 50.0),
(265, 8, 41, 2, 100.0),
(266, 33, 42, 3, 150.0),
(266, 33, 43, 1, 50.0),
(267, 9, 44, 2, 100.0),
(267, 9, 45, 3, 150.0),
(268, 34, 46, 1, 50.0),
(268, 34, 47, 2, 100.0),
(269, 10, 48, 3, 150.0),
(269, 10, 49, 1, 50.0),
(270, 35, 50, 2, 100.0),
(270, 35, 51, 3, 150.0),
(271, 11, 52, 1, 50.0),
(271, 11, 53, 2, 100.0),
(272, 36, 54, 3, 150.0),
(272, 36, 55, 1, 50.0),
(273, 12, 56, 2, 100.0),
(273, 12, 57, 3, 150.0),
(274, 37, 58, 1, 50.0),
(274, 37, 59, 2, 100.0),
(275, 38, 60, 3, 150.0),
(275, 38, 61, 1, 50.0),
(276, 13, 62, 2, 100.0),
(276, 13, 63, 3, 150.0),
(277, 14, 64, 1, 50.0),
(277, 14, 65, 2, 100.0),
(278, 39, 66, 3, 150.0),
(278, 39, 67, 1, 50.0),
(279, 15, 68, 2, 100.0),
(279, 15, 69, 3, 150.0),
(280, 40, 70, 1, 50.0),
(280, 40, 71, 2, 100.0),
(281, 16, 70, 1, 50.0),
(281, 16, 71, 2, 100.0),
(282, 41, 2, 2, 100.0),
(282, 41, 3, 3, 150.0),
(283, 17, 4, 1, 50.0),
(283, 17, 5, 2, 100.0),
(284, 42, 6, 3, 150.0),
(284, 42, 7, 1, 50.0),
(285, 18, 8, 2, 100.0),
(285, 18, 9, 3, 150.0),
(286, 43, 10, 1, 50.0),
(286, 43, 11, 2, 100.0),
(287, 19, 12, 3, 150.0),
(287, 19, 13, 1, 50.0),
(288, 44, 14, 2, 100.0),
(288, 44, 15, 3, 150.0),
(289, 69, 16, 1, 50.0),
(289, 69, 17, 2, 100.0),
(290, 20, 18, 3, 150.0),
(290, 20, 19, 1, 50.0),
(291, 45, 20, 2, 100.0),
(291, 45, 21, 3, 150.0),
(292, 70, 22, 1, 50.0),
(292, 70, 23, 2, 100.0),
(293, 19, 1, 10, 15.00),
(293, 19, 2, 5, 10.00),
(293, 19, 3, 20, 7.50),
(294, 44, 4, 15, 12.00),
(294, 44, 5, 10, 20.00),
(294, 44, 6, 25, 8.00),
(295, 69, 7, 30, 9.00),
(295, 69, 8, 20, 14.00),
(295, 69, 9, 5, 18.00),
(296, 1, 10, 10, 16.00),
(296, 1, 11, 15, 22.00),
(296, 1, 12, 20, 5.00),
(297, 26, 13, 25, 11.00),
(297, 26, 14, 30, 12.50),
(297, 26, 15, 10, 6.50),
(298, 51, 16, 5, 14.00),
(298, 51, 17, 10, 13.00),
(298, 51, 18, 15, 9.50),
(299, 16, 19, 20, 7.00),
(299, 16, 20, 25, 8.50),
(299, 16, 21, 10, 12.00),
(300, 41, 22, 15, 10.00),
(300, 41, 23, 30, 11.50),
(300, 41, 24, 20, 13.00),
(301, 66, 25, 5, 15.00),
(301, 66, 26, 10, 9.00),
(301, 66, 27, 25, 8.00),
(302, 20, 28, 30, 12.50),
(302, 20, 29, 20, 14.00),
(302, 20, 30, 15, 10.00),
(303, 45, 31, 10, 8.50),
(303, 45, 32, 15, 9.50),
(303, 45, 33, 20, 11.00),
(304, 70, 34, 25, 12.00),
(304, 70, 35, 30, 13.50),
(304, 70, 36, 5, 14.00),
(305, 19, 37, 20, 15.00),
(305, 19, 38, 10, 9.00),
(305, 19, 39, 15, 7.50),
(306, 44, 40, 5, 8.00),
(306, 44, 41, 10, 6.50),
(306, 44, 42, 20, 11.00),
(307, 69, 43, 25, 12.00),
(307, 69, 44, 30, 14.00),
(307, 69, 45, 10, 10.50),
(308, 7, 43, 25, 12.00),
(308, 7, 44, 30, 14.00),
(308, 7, 45, 10, 10.50),
(309, 32, 43, 25, 12.00),
(309, 32, 44, 30, 14.00),
(309, 32, 45, 10, 10.50),
(310, 57, 43, 25, 12.00),
(310, 57, 44, 30, 14.00),
(310, 57, 45, 10, 10.50),
(311, 1, 43, 25, 12.00),
(311, 1, 44, 30, 14.00),
(311, 1, 45, 10, 10.50);